bag_id,vehicle,duration_sec,has_gnss,r_odom_m,r_gnss_m,final_diff_m,final_rel_err_pct,max_err_m,max_rel_to_total_pct,mae_dist_m,rmse_dist_m,mae_vel_kmh
30618_01f73500,30618,1214.5,YES,5447.41,5469.57,-22.16,0.405,22.16,0.405,8.85,11.08,0.11
30618_0259fe53,30618,1232.1,NO,5430.90,,,,,,,,
30618_0652866c,30618,1464.3,YES,5626.50,5641.29,-14.79,0.262,15.22,0.270,7.68,8.47,0.09
30618_0686195f,30618,1181.7,YES,5125.31,5203.83,-78.52,1.509,79.20,1.522,37.83,44.92,0.25
30618_073f08d1,30618,1275.3,YES,5416.96,5423.22,-6.27,0.116,6.41,0.118,3.22,3.55,0.07
30618_082f1d65,30618,22.9,YES,0.10,0.44,-0.33,76.401,0.34,76.462,0.14,0.17,0.06
30618_095a115b,30618,1325.1,YES,5433.43,5440.70,-7.27,0.134,7.27,0.134,3.95,4.31,0.08
30618_0a83c933,30618,1099.3,NO,5407.28,,,,,,,,
30618_0d865417,30618,15.1,YES,1.90,1.99,-0.09,4.724,0.19,9.726,0.05,0.07,0.05
30618_0e41eac3,30618,1326.3,YES,5332.87,5339.57,-6.71,0.126,7.90,0.148,4.36,4.74,0.08
30618_0f120b35,30618,1321.6,YES,5407.70,5412.41,-4.71,0.087,4.80,0.089,2.31,2.54,0.07
30618_117c2d02,30618,1206.1,NO,5331.01,,,,,,,,
30618_1551d0a9,30618,4.9,YES,0.00,0.01,-0.01,0.000,0.01,0.000,0.00,0.00,0.01
30618_1cc230fa,30618,1315.0,YES,5461.98,5473.72,-11.74,0.214,12.17,0.222,6.33,7.29,0.09
30618_20096314,30618,1191.0,NO,5402.93,,,,,,,,
30618_2050d396,30618,1343.0,YES,5353.37,5367.01,-13.64,0.254,13.64,0.254,7.93,9.15,0.08
30618_2161b58b,30618,1073.7,NO,5327.60,,,,,,,,
30618_21dd3af3,30618,1078.0,YES,5427.51,5436.07,-8.56,0.157,8.66,0.159,4.60,5.14,0.09
30618_2255aade,30618,1257.7,NO,5424.18,,,,,,,,
30618_22c1c589,30618,1156.0,YES,5415.85,5421.24,-5.39,0.099,5.55,0.102,2.59,2.97,0.07
30618_2366c74a,30618,1084.3,YES,4551.91,4559.35,-7.44,0.163,9.39,0.206,4.17,4.68,0.10
30618_27e994fc,30618,1899.9,YES,5620.33,5670.03,-49.70,0.877,49.71,0.877,27.22,31.74,0.17
30618_28538acf,30618,1291.4,YES,5453.08,5463.33,-10.25,0.188,10.55,0.193,6.59,7.05,0.15
30618_2cb9ce37,30618,750.1,YES,3959.20,3966.14,-6.93,0.175,7.07,0.178,3.58,3.98,0.08
30618_2d2fa7be,30618,1202.4,NO,5398.33,,,,,,,,
30618_2dbce472,30618,1372.7,YES,5428.55,5433.76,-5.20,0.096,5.34,0.098,2.21,2.68,0.10
30618_2f104a1d,30618,1251.9,YES,5407.67,5411.44,-3.76,0.070,4.38,0.081,2.33,2.58,0.07
30618_2f2f1175,30618,1172.2,NO,5328.82,,,,,,,,
30618_33bec73f,30618,1179.9,YES,5371.54,5373.09,-1.55,0.029,4.50,0.084,1.56,2.07,0.09
30618_3b36e5cd,30618,1259.2,YES,5428.41,5441.54,-13.13,0.241,13.23,0.243,7.16,8.13,0.09
30618_3ba2326f,30618,1279.6,NO,5211.02,,,,,,,,
30618_3e012faf,30618,1022.7,NO,5180.29,,,,,,,,
30618_3e9f4952,30618,1322.7,YES,5459.84,5468.28,-8.44,0.154,8.76,0.160,4.77,5.38,0.07
30618_40ffd323,30618,1281.4,YES,5470.77,5471.35,-0.57,0.011,17.24,0.315,4.01,5.59,0.22
30618_437e855c,30618,1150.3,YES,5425.80,5437.37,-11.57,0.213,11.57,0.213,6.33,7.09,0.08
30618_45ff6f99,30618,16.8,YES,0.00,0.06,-0.06,100.000,0.06,100.000,0.04,0.04,0.01
30618_46e21b9b,30618,1206.1,NO,5331.01,,,,,,,,
30618_49fe4c54,30618,1383.2,YES,5518.88,5531.20,-12.33,0.223,12.94,0.234,7.25,7.96,0.09
30618_4d487b0d,30618,1076.3,YES,5486.89,5335.98,+150.91,2.828,161.18,3.021,138.78,145.91,0.68
30618_4e1e3181,30618,1273.0,NO,5402.42,,,,,,,,
30618_5036aa78,30618,102.4,NO,30.41,,,,,,,,
30618_5eb8d2c9,30618,750.1,YES,3959.20,3966.14,-6.93,0.175,7.07,0.178,3.58,3.98,0.08
30618_616ec56b,30618,1243.4,YES,5392.32,5400.12,-7.80,0.145,7.90,0.146,3.90,4.44,0.08
30618_6236f680,30618,1276.6,NO,5391.38,,,,,,,,
30618_67b89902,30618,985.6,YES,5384.12,5388.68,-4.56,0.085,4.74,0.088,2.42,2.72,0.07
30618_68847170,30618,1214.2,YES,5405.13,5410.08,-4.95,0.091,5.06,0.094,1.82,2.17,0.08
30618_68d1748a,30618,1260.0,YES,5430.50,5434.51,-4.02,0.074,5.83,0.107,2.96,3.27,0.10
30618_6cb3280a,30618,1227.7,YES,5412.77,5422.74,-9.97,0.184,10.04,0.185,5.06,5.75,0.08
30618_74559c73,30618,99.1,NO,145.17,,,,,,,,
30618_748832b9,30618,1115.6,YES,5409.95,5421.64,-11.69,0.216,11.80,0.218,4.65,5.39,0.10
30618_76e1f9c7,30618,1298.9,YES,5461.23,5466.77,-5.54,0.101,5.57,0.102,3.07,3.34,0.08
30618_7849303f,30618,1115.6,YES,5409.95,5421.64,-11.69,0.216,11.80,0.218,4.65,5.39,0.10
30618_79b204dc,30618,1065.5,NO,5394.61,,,,,,,,
30618_7a152380,30618,1257.0,NO,5415.87,,,,,,,,
30618_7b4d83f4,30618,1160.5,YES,5416.77,5419.18,-2.41,0.044,3.10,0.057,1.62,1.73,0.08
30618_7bfbb5ed,30618,1257.7,NO,5424.18,,,,,,,,
30618_7d88fa79,30618,1276.6,NO,5391.38,,,,,,,,
30618_8158f0b0,30618,1184.7,YES,5512.33,5523.86,-11.53,0.209,12.15,0.220,6.35,6.98,0.09
30618_81c22fee,30618,1185.1,NO,5412.68,,,,,,,,
30618_87afe526,30618,1219.2,YES,5438.64,5444.67,-6.03,0.111,6.62,0.122,3.84,4.20,0.09
30618_88548b02,30618,1255.6,YES,5333.79,5374.17,-40.38,0.751,40.42,0.752,19.15,22.62,0.13
30618_887a2b9a,30618,1065.5,NO,5394.61,,,,,,,,
30618_8eb8615c,30618,1202.4,NO,5398.33,,,,,,,,
30618_8f08df08,30618,1257.0,NO,5415.87,,,,,,,,
30618_92b1b453,30618,1185.1,NO,5412.68,,,,,,,,
30618_93dc866e,30618,1084.3,YES,4551.91,4559.35,-7.44,0.163,9.39,0.206,4.17,4.68,0.10
30618_95c49c30,30618,1273.0,NO,5402.42,,,,,,,,
30618_98161270,30618,42.4,YES,0.00,0.16,-0.16,100.000,0.16,100.000,0.09,0.10,0.01
30618_9bbe6faa,30618,1222.5,NO,5410.23,,,,,,,,
30618_9c09b081,30618,1332.2,YES,5470.01,5482.71,-12.69,0.232,13.12,0.239,7.47,8.09,0.08
30618_9c10cd0d,30618,1222.5,NO,5410.23,,,,,,,,
30618_a395846d,30618,1315.0,YES,5461.98,5473.72,-11.74,0.214,12.17,0.222,6.33,7.29,0.09
30618_a53d5f6f,30618,1212.5,YES,5431.24,5447.07,-15.84,0.291,15.89,0.292,6.64,8.46,0.10
30618_a869780d,30618,1086.3,YES,5300.64,5308.01,-7.37,0.139,7.37,0.139,3.09,3.58,0.08
30618_ab5921a4,30618,1155.3,YES,5454.43,5464.06,-9.63,0.176,9.93,0.182,5.96,6.39,0.09
30618_ae4eb346,30618,1259.2,YES,5428.41,5441.54,-13.13,0.241,13.23,0.243,7.16,8.13,0.09
30618_af7496f0,30618,266.4,YES,448.72,446.16,+2.56,0.574,5.13,1.149,2.69,3.26,0.19
30618_b1098bdb,30618,1279.6,NO,5211.02,,,,,,,,
30618_b15eafc3,30618,1258.8,YES,5406.49,5411.56,-5.08,0.094,5.18,0.096,2.32,2.58,0.08
30618_b3042f78,30618,1076.3,YES,5486.89,5335.98,+150.91,2.828,161.18,3.021,138.78,145.91,0.68
30618_b8044aa0,30618,1275.5,YES,5407.83,5410.85,-3.02,0.056,3.59,0.066,1.73,1.88,0.08
30618_b83d854d,30618,1206.5,YES,5422.35,5426.11,-3.76,0.069,4.39,0.081,2.74,2.89,0.08
30618_b95ca60a,30618,1089.3,YES,5408.05,5408.15,-0.10,0.002,2.31,0.043,0.88,1.04,0.09
30618_bab2fe58,30618,57.0,YES,157.60,158.32,-0.72,0.456,0.97,0.611,0.44,0.53,0.07
30618_bc5e53c2,30618,30.2,YES,0.00,0.15,-0.15,100.000,0.15,100.000,0.06,0.07,0.02
30618_bcc9e7a2,30618,1022.7,NO,5180.29,,,,,,,,
30618_cfd9fd5a,30618,1232.1,NO,5430.90,,,,,,,,
30618_d4ba7005,30618,1160.7,YES,5343.27,5350.32,-7.05,0.132,7.16,0.134,3.87,4.27,0.07
30618_dd8d0741,30618,1267.7,YES,5453.61,5464.41,-10.80,0.198,10.80,0.198,5.82,6.58,0.08
30618_dd8e6395,30618,1228.5,YES,5367.44,5377.81,-10.37,0.193,10.71,0.199,5.94,6.58,0.08
30618_ddad08d6,30618,1172.2,NO,5328.82,,,,,,,,
30618_defd0170,30618,1047.5,YES,5123.11,5209.89,-86.78,1.666,86.78,1.666,39.61,48.45,0.30
30618_e151d6e4,30618,41.0,NO,0.00,,,,,,,,
30618_e2dcf65f,30618,1095.9,YES,5323.77,5328.91,-5.14,0.097,5.24,0.098,2.81,3.12,0.08
30618_e392e5bd,30618,1099.3,NO,5407.28,,,,,,,,
30618_e3d94878,30618,1172.0,YES,5411.81,5414.36,-2.54,0.047,2.96,0.055,1.50,1.64,0.07
30618_e7dcdab1,30618,1191.0,NO,5402.93,,,,,,,,
30618_e9a34502,30618,1203.7,YES,5382.94,5389.53,-6.59,0.122,6.59,0.122,3.21,3.63,0.07
30618_efb92709,30618,1281.4,YES,5470.77,5471.35,-0.57,0.011,17.24,0.315,4.01,5.59,0.22
30618_f19a4ac3,30618,1197.8,YES,5414.53,5417.38,-2.85,0.053,3.54,0.065,1.58,1.81,0.08
30618_f28179bb,30618,1073.7,NO,5327.60,,,,,,,,
30618_f3a0694d,30618,1227.7,YES,5412.77,5422.74,-9.97,0.184,10.04,0.185,5.06,5.75,0.08
30618_f3b8c99b,30618,1078.0,YES,5427.51,5436.07,-8.56,0.157,8.66,0.159,4.60,5.14,0.09
30639_0ab96c59,30639,81.9,YES,1.65,2.00,-0.35,17.394,0.35,17.394,0.17,0.20,0.02
30639_0be558e2,30639,1291.4,YES,5516.48,5543.41,-26.93,0.486,27.47,0.496,13.62,15.80,0.12
30639_253671cc,30639,1083.3,YES,5272.32,5245.19,+27.13,0.517,27.17,0.518,11.21,14.03,0.14
30639_2b4a6347,30639,1111.3,YES,5390.33,5409.18,-18.84,0.348,18.98,0.351,9.57,10.81,0.10
30639_3b3d9eb8,30639,1219.6,YES,5148.79,5443.20,-294.41,5.409,324.38,5.959,199.51,245.14,0.96
30639_4285f2bc,30639,1305.3,YES,5384.93,5471.61,-86.69,1.584,87.04,1.591,79.33,79.85,0.20
30639_44226bde,30639,1084.4,YES,5416.40,5411.04,+5.36,0.099,22.67,0.419,9.32,11.68,0.18
30639_50956d6e,30639,1104.6,YES,5454.82,5477.37,-22.54,0.412,22.84,0.417,9.09,11.20,0.14
30639_584b6e32,30639,1140.2,YES,5438.49,5469.74,-31.24,0.571,31.64,0.579,11.78,13.50,0.19
30639_92226df0,30639,1218.1,YES,5468.45,5422.70,+45.75,0.844,46.51,0.858,23.53,27.99,0.20
30639_927002c2,30639,1144.5,YES,5284.17,5389.16,-104.99,1.948,105.05,1.949,68.41,76.45,0.22
30639_9c362687,30639,1359.2,YES,5440.61,5411.73,+28.87,0.534,31.87,0.589,16.66,19.92,0.15
30639_9f0b519f,30639,1030.7,YES,5361.30,5389.54,-28.24,0.524,28.40,0.527,13.39,16.52,0.11
30639_c31df386,30639,1362.2,YES,5446.76,5433.51,+13.25,0.244,29.22,0.538,14.01,15.71,0.22
30639_d3c43d69,30639,1100.4,YES,5242.89,5218.34,+24.55,0.470,24.59,0.471,9.20,12.14,0.15
30639_d601d28f,30639,1008.7,YES,5505.36,5411.00,+94.36,1.744,94.42,1.745,48.02,57.93,0.37
30639_d927f360,30639,1096.3,YES,5275.72,5403.24,-127.53,2.360,127.64,2.362,76.94,90.16,0.30
30639_dce52be4,30639,1148.3,YES,5239.04,5176.59,+62.45,1.206,62.45,1.206,21.03,28.19,0.23
30639_e4379d7f,30639,1438.1,NO,5389.27,,,,,,,,
