bag_id,checkpoint,time_sec,r_odom_m,r_gnss_m,delta_r_m,rel_err_curr_pct,rel_err_total_pct,seg_delta_r_m,seg_rel_err_pct,v_odom_kmh,v_gnss_kmh
30618_01f73500,#1,146.1,500.11,503.16,-3.05,0.607,0.056,-3.05,0.607,34.4,34.3
30618_01f73500,#2,344.2,1000.15,1004.31,-4.16,0.414,0.076,-1.11,0.221,13.7,13.9
30618_01f73500,#3,407.3,1500.41,1505.56,-5.15,0.342,0.094,-0.99,0.197,13.7,13.6
30618_01f73500,#4,472.4,2000.12,2006.92,-6.81,0.339,0.124,-1.66,0.331,48.2,48.2
30618_01f73500,#5,510.9,2500.49,2507.04,-6.56,0.262,0.120,+0.25,0.050,31.5,31.5
30618_01f73500,#6,582.2,3000.10,3006.45,-6.35,0.211,0.116,+0.21,0.042,4.6,4.4
30618_01f73500,#7,753.7,3501.51,3509.74,-8.23,0.235,0.151,-1.88,0.374,30.9,30.7
30618_01f73500,#8,840.1,4000.31,4008.66,-8.35,0.208,0.153,-0.12,0.024,17.4,17.3
30618_01f73500,#9,949.9,4500.35,4520.68,-20.32,0.450,0.372,-11.97,2.338,37.1,36.8
30618_01f73500,#10,1067.8,5000.41,5020.92,-20.51,0.408,0.375,-0.18,0.036,10.5,10.8
30618_01f73500,#11,1214.5,5447.41,5469.57,-22.16,0.405,0.405,-1.66,0.369,14.6,14.6
30618_0652866c,#1,203.3,500.35,504.06,-3.72,0.737,0.066,-3.72,0.737,34.6,34.3
30618_0652866c,#2,372.0,1000.15,1004.74,-4.59,0.456,0.081,-0.87,0.173,15.4,15.6
30618_0652866c,#3,458.1,1500.37,1506.05,-5.68,0.377,0.101,-1.10,0.219,12.5,12.5
30618_0652866c,#4,540.2,2001.22,2008.53,-7.31,0.364,0.130,-1.63,0.324,48.1,48.2
30618_0652866c,#5,584.3,2500.74,2507.76,-7.02,0.280,0.125,+0.29,0.057,31.5,31.4
30618_0652866c,#6,693.5,3000.03,3007.18,-7.16,0.238,0.127,-0.13,0.026,4.0,4.1
30618_0652866c,#7,883.4,3500.29,3510.03,-9.74,0.277,0.173,-2.58,0.513,30.5,30.5
30618_0652866c,#8,1004.9,4000.51,4011.06,-10.55,0.263,0.187,-0.82,0.163,33.5,33.4
30618_0652866c,#9,1107.8,4500.45,4512.12,-11.67,0.259,0.207,-1.12,0.223,36.2,36.1
30618_0652866c,#10,1230.2,5000.09,5011.88,-11.79,0.235,0.209,-0.12,0.025,12.6,12.7
30618_0652866c,#11,1423.7,5500.44,5513.71,-13.27,0.241,0.235,-1.47,0.294,12.8,12.7
30618_0652866c,#12,1463.6,5626.50,5641.28,-14.78,0.262,0.262,-1.51,1.183,0.0,0.1
30618_0686195f,#1,155.6,500.27,509.45,-9.18,1.801,0.176,-9.18,1.801,25.4,25.9
30618_0686195f,#2,365.7,1000.00,1018.01,-18.00,1.768,0.346,-8.83,1.736,15.0,15.3
30618_0686195f,#3,435.8,1500.30,1525.94,-25.65,1.681,0.493,-7.64,1.505,27.6,28.3
30618_0686195f,#4,488.0,2001.24,2034.51,-33.28,1.636,0.640,-7.63,1.501,50.2,50.9
30618_0686195f,#5,534.5,2500.43,2540.15,-39.73,1.564,0.763,-6.45,1.275,29.7,30.4
30618_0686195f,#6,660.5,3000.18,3047.39,-47.21,1.549,0.907,-7.48,1.475,33.1,33.6
30618_0686195f,#7,794.6,3500.02,3553.93,-53.91,1.517,1.036,-6.70,1.323,9.4,9.6
30618_0686195f,#8,896.8,4000.35,4062.63,-62.28,1.533,1.197,-8.37,1.646,21.9,22.0
30618_0686195f,#9,1059.5,4500.27,4570.20,-69.94,1.530,1.344,-7.66,1.509,11.9,12.3
30618_0686195f,#10,1157.6,5000.77,5079.28,-78.51,1.546,1.509,-8.57,1.683,42.3,43.1
30618_0686195f,#11,1174.5,5125.31,5203.77,-78.47,1.508,1.508,+0.04,0.033,0.0,0.1
30618_073f08d1,#1,248.1,500.33,502.79,-2.46,0.489,0.045,-2.46,0.489,33.5,33.6
30618_073f08d1,#2,334.9,1000.19,1003.18,-2.99,0.298,0.055,-0.53,0.105,46.0,46.2
30618_073f08d1,#3,438.9,1501.48,1504.68,-3.20,0.213,0.059,-0.22,0.043,33.1,33.3
30618_073f08d1,#4,518.8,2000.04,2003.27,-3.24,0.161,0.060,-0.03,0.007,17.7,17.6
30618_073f08d1,#5,684.8,2500.07,2504.30,-4.23,0.169,0.078,-0.99,0.198,29.5,29.2
30618_073f08d1,#6,779.1,3000.38,3004.91,-4.53,0.151,0.084,-0.30,0.060,34.7,34.5
30618_073f08d1,#7,823.0,3500.65,3505.54,-4.89,0.139,0.090,-0.36,0.072,49.1,49.0
30618_073f08d1,#8,898.0,4000.10,4004.27,-4.17,0.104,0.077,+0.71,0.143,26.9,26.9
30618_073f08d1,#9,981.7,4500.28,4504.73,-4.45,0.099,0.082,-0.27,0.055,14.6,14.6
30618_073f08d1,#10,1111.6,5001.77,5007.70,-5.93,0.118,0.109,-1.48,0.295,48.2,48.3
30618_073f08d1,#11,1273.9,5416.96,5423.19,-6.24,0.115,0.115,-0.30,0.073,0.0,0.1
30618_082f1d65,#1,22.9,0.10,0.44,-0.33,76.401,76.401,-0.33,76.401,1.6,1.4
30618_095a115b,#1,185.2,500.52,502.92,-2.40,0.477,0.044,-2.40,0.477,34.0,33.9
30618_095a115b,#2,373.2,1000.38,1003.57,-3.19,0.318,0.059,-0.80,0.159,15.2,15.3
30618_095a115b,#3,459.4,1500.36,1503.90,-3.55,0.236,0.065,-0.36,0.071,13.3,13.2
30618_095a115b,#4,541.6,2000.35,2005.15,-4.79,0.239,0.088,-1.25,0.249,48.2,48.0
30618_095a115b,#5,585.6,2500.26,2504.26,-4.01,0.160,0.074,+0.79,0.158,31.2,31.1
30618_095a115b,#6,637.7,3000.03,3003.14,-3.11,0.104,0.057,+0.90,0.180,2.7,2.6
30618_095a115b,#7,844.2,3501.09,3507.06,-5.96,0.170,0.110,-2.86,0.567,30.6,30.4
30618_095a115b,#8,937.8,4000.50,4005.96,-5.46,0.136,0.100,+0.50,0.101,34.3,34.2
30618_095a115b,#9,1053.2,4500.13,4506.21,-6.09,0.135,0.112,-0.62,0.125,37.1,36.9
30618_095a115b,#10,1178.2,5000.05,5005.65,-5.60,0.112,0.103,+0.49,0.098,3.9,4.1
30618_095a115b,#11,1325.1,5433.43,5440.70,-7.27,0.134,0.134,-1.67,0.385,11.3,11.2
30618_0d865417,#1,13.5,1.90,1.97,-0.07,3.723,3.684,-0.07,3.723,0.0,0.1
30618_0e41eac3,#1,159.4,500.62,502.94,-2.32,0.462,0.043,-2.32,0.462,33.7,33.4
30618_0e41eac3,#2,366.4,1000.13,1003.38,-3.25,0.324,0.061,-0.92,0.185,15.5,15.7
30618_0e41eac3,#3,453.6,1500.18,1504.02,-3.84,0.255,0.072,-0.59,0.118,12.3,12.2
30618_0e41eac3,#4,536.5,2001.21,2006.57,-5.36,0.267,0.100,-1.53,0.303,48.4,48.3
30618_0e41eac3,#5,595.7,2500.62,2505.56,-4.95,0.197,0.093,+0.42,0.084,31.6,31.4
30618_0e41eac3,#6,712.7,3000.10,3004.54,-4.45,0.148,0.083,+0.50,0.100,4.3,4.5
30618_0e41eac3,#7,840.8,3500.72,3506.70,-5.98,0.170,0.112,-1.53,0.304,29.5,29.5
30618_0e41eac3,#8,942.6,4000.52,4006.67,-6.15,0.153,0.115,-0.17,0.034,33.6,33.6
30618_0e41eac3,#9,1086.7,4501.40,4508.49,-7.09,0.157,0.133,-0.94,0.187,36.5,36.2
30618_0e41eac3,#10,1208.7,5000.00,5006.66,-6.66,0.133,0.125,+0.43,0.087,4.0,3.9
30618_0e41eac3,#11,1289.5,5332.87,5339.42,-6.55,0.123,0.123,+0.10,0.030,0.0,0.1
30618_0f120b35,#1,296.7,500.09,502.43,-2.34,0.465,0.043,-2.34,0.465,36.2,36.3
30618_0f120b35,#2,383.5,1000.83,1003.34,-2.51,0.250,0.046,-0.17,0.033,45.9,45.7
30618_0f120b35,#3,508.3,1500.66,1503.88,-3.22,0.214,0.059,-0.71,0.142,36.4,36.4
30618_0f120b35,#4,589.2,2000.04,2002.40,-2.36,0.118,0.044,+0.86,0.172,11.0,10.7
30618_0f120b35,#5,772.8,2500.93,2504.70,-3.77,0.151,0.070,-1.41,0.281,38.2,38.2
30618_0f120b35,#6,835.9,3000.26,3003.97,-3.71,0.123,0.069,+0.06,0.012,35.3,35.2
30618_0f120b35,#7,879.1,3500.66,3504.59,-3.94,0.112,0.073,-0.23,0.045,49.2,49.1
30618_0f120b35,#8,941.4,4000.55,4003.42,-2.87,0.072,0.053,+1.07,0.214,27.6,27.6
30618_0f120b35,#9,1023.9,4500.68,4503.43,-2.74,0.061,0.051,+0.13,0.025,15.2,15.3
30618_0f120b35,#10,1198.1,5000.67,5004.68,-4.01,0.080,0.074,-1.27,0.253,49.0,49.0
30618_0f120b35,#11,1321.6,5407.70,5412.41,-4.71,0.087,0.087,-0.70,0.171,0.2,0.3
30618_1551d0a9,#1,0.0,0.00,0.00,+0.00,0.000,0.000,+0.00,0.000,0.0,0.0
30618_1cc230fa,#1,204.6,500.40,501.92,-1.52,0.303,0.028,-1.52,0.303,14.9,14.8
30618_1cc230fa,#2,421.6,1000.34,1004.16,-3.82,0.380,0.070,-2.30,0.457,15.2,15.5
30618_1cc230fa,#3,484.0,1500.30,1504.94,-4.64,0.308,0.085,-0.82,0.164,11.4,11.4
30618_1cc230fa,#4,548.2,2000.19,2006.90,-6.71,0.334,0.123,-2.07,0.412,48.4,48.4
30618_1cc230fa,#5,610.7,2500.67,2507.17,-6.50,0.259,0.119,+0.21,0.042,30.6,30.5
30618_1cc230fa,#6,710.6,3000.16,3006.64,-6.49,0.216,0.118,+0.01,0.002,7.9,8.1
30618_1cc230fa,#7,867.8,3500.38,3508.84,-8.46,0.241,0.155,-1.97,0.393,29.9,29.9
30618_1cc230fa,#8,973.1,4000.62,4010.15,-9.53,0.238,0.174,-1.07,0.214,33.5,33.4
30618_1cc230fa,#9,1062.6,4500.05,4510.86,-10.80,0.240,0.197,-1.27,0.254,35.8,35.7
30618_1cc230fa,#10,1178.3,5000.31,5011.09,-10.78,0.215,0.197,+0.02,0.005,11.5,11.8
30618_1cc230fa,#11,1314.3,5461.98,5473.70,-11.72,0.214,0.214,-0.94,0.203,0.0,0.0
30618_2050d396,#1,260.0,500.95,503.03,-2.08,0.414,0.039,-2.08,0.414,38.4,38.5
30618_2050d396,#2,355.1,1000.18,1002.94,-2.76,0.275,0.051,-0.68,0.135,43.9,43.8
30618_2050d396,#3,517.3,1500.64,1510.36,-9.72,0.644,0.181,-6.96,1.372,36.6,36.7
30618_2050d396,#4,658.0,2000.43,2010.39,-9.96,0.495,0.186,-0.24,0.048,16.9,16.9
30618_2050d396,#5,793.3,2500.14,2510.37,-10.22,0.407,0.191,-0.26,0.053,9.9,9.8
30618_2050d396,#6,882.8,3000.94,3012.45,-11.51,0.382,0.214,-1.29,0.256,42.4,42.4
30618_2050d396,#7,920.5,3500.18,3511.88,-11.69,0.333,0.218,-0.18,0.036,48.4,48.2
30618_2050d396,#8,967.4,4001.03,4012.60,-11.57,0.288,0.216,+0.12,0.024,36.5,36.6
30618_2050d396,#9,1036.1,4500.13,4511.76,-11.63,0.258,0.217,-0.06,0.011,18.3,18.3
30618_2050d396,#10,1200.2,5000.20,5012.93,-12.74,0.254,0.237,-1.11,0.221,34.7,34.9
30618_2050d396,#11,1343.0,5353.37,5367.01,-13.64,0.254,0.254,-0.90,0.255,12.0,12.1
30618_21dd3af3,#1,143.0,500.33,501.92,-1.59,0.317,0.029,-1.59,0.317,22.3,22.4
30618_21dd3af3,#2,210.0,1000.84,1003.84,-3.00,0.299,0.055,-1.40,0.280,45.6,45.6
30618_21dd3af3,#3,303.3,1500.63,1503.47,-2.84,0.189,0.052,+0.16,0.032,24.7,24.8
30618_21dd3af3,#4,421.4,2000.39,2004.41,-4.01,0.200,0.074,-1.18,0.235,23.5,23.6
30618_21dd3af3,#5,512.5,2500.31,2504.83,-4.53,0.181,0.083,-0.51,0.103,28.3,28.5
30618_21dd3af3,#6,593.7,3000.78,3006.00,-5.22,0.174,0.096,-0.69,0.138,33.7,33.9
30618_21dd3af3,#7,663.0,3500.30,3506.38,-6.08,0.173,0.112,-0.86,0.172,50.0,50.0
30618_21dd3af3,#8,706.9,4000.55,4006.41,-5.86,0.146,0.108,+0.22,0.044,36.2,36.3
30618_21dd3af3,#9,795.6,4500.13,4506.37,-6.24,0.138,0.115,-0.38,0.076,9.2,9.3
30618_21dd3af3,#10,942.8,5000.67,5008.76,-8.09,0.162,0.149,-1.86,0.369,46.5,46.7
30618_21dd3af3,#11,1075.2,5427.51,5436.04,-8.53,0.157,0.157,-0.43,0.102,0.0,0.1
30618_22c1c589,#1,202.1,500.48,502.07,-1.59,0.317,0.029,-1.59,0.317,33.6,33.8
30618_22c1c589,#2,281.4,1000.27,1002.36,-2.09,0.208,0.039,-0.50,0.100,46.7,46.9
30618_22c1c589,#3,438.7,1500.89,1503.43,-2.54,0.169,0.047,-0.45,0.091,33.4,33.6
30618_22c1c589,#4,521.2,2000.59,2003.12,-2.53,0.126,0.047,+0.01,0.003,16.4,16.1
30618_22c1c589,#5,728.1,2500.56,2504.66,-4.10,0.164,0.076,-1.57,0.314,35.3,35.5
30618_22c1c589,#6,771.6,3000.21,3004.31,-4.10,0.137,0.076,-0.00,0.000,35.8,35.8
30618_22c1c589,#7,813.7,3500.71,3505.16,-4.45,0.127,0.082,-0.35,0.069,48.9,48.9
30618_22c1c589,#8,870.9,4000.01,4003.81,-3.80,0.095,0.070,+0.65,0.131,28.9,28.8
30618_22c1c589,#9,939.6,4500.39,4504.18,-3.79,0.084,0.070,+0.00,0.001,14.3,14.4
30618_22c1c589,#10,1031.2,5001.27,5006.57,-5.29,0.106,0.098,-1.50,0.299,48.3,48.3
30618_22c1c589,#11,1154.5,5415.85,5421.21,-5.36,0.099,0.099,-0.06,0.016,0.0,0.1
30618_2366c74a,#1,123.2,500.05,501.00,-0.95,0.189,0.021,-0.95,0.189,3.4,3.7
30618_2366c74a,#2,256.0,1000.24,1002.47,-2.23,0.222,0.049,-1.28,0.255,13.5,13.6
30618_2366c74a,#3,416.1,1501.00,1505.29,-4.28,0.284,0.094,-2.06,0.409,39.9,39.9
30618_2366c74a,#4,525.0,2000.32,2005.10,-4.79,0.239,0.105,-0.50,0.101,40.7,40.6
30618_2366c74a,#5,589.1,2501.45,2507.07,-5.61,0.224,0.123,-0.83,0.165,52.1,52.1
30618_2366c74a,#6,629.8,3000.92,3006.05,-5.13,0.171,0.113,+0.48,0.097,34.7,34.7
30618_2366c74a,#7,680.0,3500.02,3506.06,-6.04,0.172,0.132,-0.91,0.181,34.8,34.7
30618_2366c74a,#8,927.1,4000.17,4006.60,-6.43,0.161,0.141,-0.39,0.079,9.6,9.9
30618_2366c74a,#9,1054.7,4500.02,4506.75,-6.73,0.149,0.148,-0.29,0.059,2.2,4.9
30618_27e994fc,#1,191.3,500.64,505.74,-5.10,1.008,0.090,-5.10,1.008,33.1,33.3
30618_27e994fc,#2,379.9,1000.32,1007.39,-7.07,0.702,0.125,-1.97,0.393,16.1,16.1
30618_27e994fc,#3,449.1,1500.03,1510.14,-10.10,0.669,0.178,-3.03,0.603,4.5,4.7
30618_27e994fc,#4,505.7,2000.44,2015.01,-14.57,0.723,0.257,-4.47,0.885,48.4,48.7
30618_27e994fc,#5,548.5,2500.48,2517.43,-16.95,0.673,0.299,-2.39,0.475,29.4,29.6
30618_27e994fc,#6,639.6,3000.10,3020.34,-20.24,0.670,0.357,-3.29,0.654,20.0,20.2
30618_27e994fc,#7,748.0,3500.48,3524.62,-24.14,0.685,0.426,-3.90,0.773,25.5,25.6
30618_27e994fc,#8,882.7,4000.08,4024.06,-23.98,0.596,0.423,+0.16,0.033,26.9,27.1
30618_27e994fc,#9,991.6,4500.67,4529.25,-28.58,0.631,0.504,-4.60,0.911,29.8,29.8
30618_27e994fc,#10,1118.5,5000.35,5032.95,-32.60,0.648,0.575,-4.02,0.798,28.0,28.2
30618_27e994fc,#11,1790.5,5500.13,5547.59,-47.46,0.856,0.837,-14.86,2.888,9.2,9.6
30618_27e994fc,#12,1843.1,5620.33,5669.76,-49.43,0.872,0.872,-1.97,1.611,0.0,0.1
30618_28538acf,#1,179.5,500.34,504.15,-3.81,0.755,0.070,-3.81,0.755,18.1,17.9
30618_28538acf,#2,313.8,1000.33,1005.25,-4.92,0.490,0.090,-1.12,0.223,16.3,16.3
30618_28538acf,#3,400.7,1500.09,1506.06,-5.97,0.396,0.109,-1.05,0.210,10.2,10.1
30618_28538acf,#4,483.1,2001.24,2009.13,-7.88,0.392,0.144,-1.91,0.380,48.7,48.8
30618_28538acf,#5,540.2,2500.12,2507.73,-7.61,0.304,0.139,+0.27,0.054,30.8,30.8
30618_28538acf,#6,637.0,3000.15,3007.70,-7.55,0.251,0.138,+0.07,0.013,10.1,10.2
30618_28538acf,#7,755.9,3500.60,3507.72,-7.12,0.203,0.130,+0.43,0.085,29.6,29.6
30618_28538acf,#8,907.2,4001.54,4009.73,-8.19,0.204,0.150,-1.07,0.213,33.0,32.8
30618_28538acf,#9,1013.0,4500.50,4509.66,-9.16,0.203,0.168,-0.97,0.194,35.6,35.4
30618_28538acf,#10,1123.2,5000.02,5009.28,-9.26,0.185,0.170,-0.10,0.021,14.8,15.2
30618_28538acf,#11,1290.5,5453.08,5463.32,-10.24,0.187,0.187,-0.97,0.215,0.0,0.0
30618_2cb9ce37,#1,107.5,500.33,502.29,-1.96,0.391,0.050,-1.96,0.391,18.8,18.7
30618_2cb9ce37,#2,293.1,1000.29,1003.19,-2.90,0.289,0.073,-0.93,0.186,15.1,15.3
30618_2cb9ce37,#3,337.9,1500.49,1503.95,-3.46,0.230,0.087,-0.57,0.113,29.2,29.4
30618_2cb9ce37,#4,397.0,2000.26,2004.82,-4.56,0.227,0.115,-1.09,0.219,49.6,49.7
30618_2cb9ce37,#5,440.5,2500.71,2505.04,-4.33,0.173,0.109,+0.23,0.045,36.2,36.4
30618_2cb9ce37,#6,498.6,3000.11,3004.74,-4.63,0.154,0.117,-0.30,0.059,18.8,18.9
30618_2cb9ce37,#7,627.7,3500.99,3506.97,-5.98,0.171,0.151,-1.36,0.270,41.7,41.8
30618_2cb9ce37,#8,749.1,3959.20,3966.12,-6.91,0.174,0.174,-0.93,0.202,0.0,0.1
30618_2dbce472,#1,190.3,500.58,498.34,+2.24,0.449,0.041,+2.24,0.449,30.3,30.1
30618_2dbce472,#2,430.2,1000.38,999.68,+0.69,0.069,0.013,-1.54,0.307,15.8,15.9
30618_2dbce472,#3,517.1,1500.57,1500.45,+0.13,0.008,0.002,-0.57,0.113,11.6,11.3
30618_2dbce472,#4,600.2,2000.62,2002.36,-1.74,0.087,0.032,-1.86,0.371,48.8,48.8
30618_2dbce472,#5,669.7,2500.83,2501.92,-1.09,0.044,0.020,+0.65,0.129,31.1,30.9
30618_2dbce472,#6,755.1,3000.16,3000.47,-0.32,0.011,0.006,+0.78,0.156,4.8,5.1
30618_2dbce472,#7,906.6,3500.49,3503.79,-3.30,0.094,0.061,-2.99,0.593,30.1,30.0
30618_2dbce472,#8,1027.7,4000.81,4004.97,-4.15,0.104,0.076,-0.85,0.170,33.6,33.6
30618_2dbce472,#9,1130.3,4500.50,4505.35,-4.85,0.108,0.089,-0.70,0.139,36.5,36.3
30618_2dbce472,#10,1247.1,5000.12,5004.52,-4.41,0.088,0.081,+0.44,0.089,10.5,10.5
30618_2dbce472,#11,1372.7,5428.55,5433.76,-5.20,0.096,0.096,-0.80,0.186,10.1,10.2
30618_2f104a1d,#1,237.6,500.16,502.26,-2.10,0.418,0.039,-2.10,0.418,36.2,36.2
30618_2f104a1d,#2,338.8,1001.00,1003.64,-2.63,0.262,0.049,-0.53,0.106,46.5,46.4
30618_2f104a1d,#3,452.0,1501.41,1504.12,-2.71,0.180,0.050,-0.08,0.016,36.1,36.2
30618_2f104a1d,#4,566.2,2000.03,2002.44,-2.41,0.121,0.045,+0.30,0.060,10.1,10.0
30618_2f104a1d,#5,797.0,2500.83,2504.78,-3.94,0.157,0.073,-1.53,0.305,35.9,35.9
30618_2f104a1d,#6,840.8,3000.60,3004.34,-3.74,0.125,0.069,+0.20,0.040,34.9,34.8
30618_2f104a1d,#7,884.0,3500.73,3504.66,-3.93,0.112,0.073,-0.19,0.037,49.1,49.0
30618_2f104a1d,#8,938.0,4000.72,4003.78,-3.06,0.077,0.057,+0.86,0.173,27.8,27.9
30618_2f104a1d,#9,1007.8,4500.26,4503.25,-2.98,0.066,0.055,+0.08,0.016,14.9,14.9
30618_2f104a1d,#10,1105.5,5000.81,5004.60,-3.79,0.076,0.070,-0.81,0.161,49.3,49.3
30618_2f104a1d,#11,1250.9,5407.67,5411.42,-3.74,0.069,0.069,+0.05,0.012,0.0,0.1
30618_33bec73f,#1,222.3,500.68,497.60,+3.07,0.617,0.057,+3.07,0.617,38.3,38.2
30618_33bec73f,#2,303.5,1000.24,997.56,+2.68,0.268,0.050,-0.40,0.079,41.0,40.9
30618_33bec73f,#3,441.3,1500.45,1498.65,+1.80,0.120,0.034,-0.87,0.174,38.6,38.4
30618_33bec73f,#4,555.4,2000.27,1998.92,+1.34,0.067,0.025,-0.46,0.092,25.6,25.6
30618_33bec73f,#5,669.5,2500.62,2499.97,+0.64,0.026,0.012,-0.70,0.140,38.0,38.3
30618_33bec73f,#6,713.4,3000.62,3000.27,+0.34,0.011,0.006,-0.30,0.060,43.6,43.7
30618_33bec73f,#7,750.8,3500.26,3500.13,+0.13,0.004,0.002,-0.22,0.043,48.1,48.1
30618_33bec73f,#8,796.7,4000.74,4000.44,+0.30,0.007,0.006,+0.17,0.034,36.2,36.1
30618_33bec73f,#9,882.6,4500.04,4499.90,+0.14,0.003,0.003,-0.16,0.031,19.8,19.5
30618_33bec73f,#10,983.4,5000.49,5001.45,-0.96,0.019,0.018,-1.10,0.219,49.3,49.3
30618_33bec73f,#11,1179.7,5371.54,5373.08,-1.54,0.029,0.029,-0.58,0.157,0.0,0.1
30618_3b36e5cd,#1,178.2,500.53,503.23,-2.69,0.535,0.050,-2.69,0.535,34.2,33.9
30618_3b36e5cd,#2,366.3,1000.54,1004.62,-4.08,0.406,0.075,-1.38,0.275,13.5,13.9
30618_3b36e5cd,#3,429.2,1500.09,1504.70,-4.62,0.307,0.085,-0.54,0.108,11.3,11.1
30618_3b36e5cd,#4,493.4,2001.22,2007.89,-6.67,0.332,0.123,-2.05,0.407,48.6,48.7
30618_3b36e5cd,#5,576.1,2500.26,2507.10,-6.84,0.273,0.126,-0.17,0.034,29.7,29.9
30618_3b36e5cd,#6,701.4,3000.05,3007.69,-7.64,0.254,0.140,-0.80,0.161,3.4,3.4
30618_3b36e5cd,#7,820.2,3500.37,3510.08,-9.72,0.277,0.179,-2.07,0.413,29.8,29.8
30618_3b36e5cd,#8,905.0,4000.24,4010.61,-10.37,0.259,0.191,-0.65,0.131,33.9,33.8
30618_3b36e5cd,#9,1017.5,4500.16,4511.63,-11.46,0.254,0.211,-1.09,0.218,36.1,35.8
30618_3b36e5cd,#10,1133.0,5000.13,5012.25,-12.12,0.242,0.223,-0.66,0.132,15.1,15.2
30618_3b36e5cd,#11,1258.2,5428.41,5441.51,-13.10,0.241,0.241,-0.98,0.229,0.0,0.1
30618_3e9f4952,#1,240.2,500.85,503.54,-2.69,0.534,0.049,-2.69,0.534,34.2,34.1
30618_3e9f4952,#2,390.6,1000.05,1003.11,-3.06,0.305,0.056,-0.37,0.073,13.1,13.5
30618_3e9f4952,#3,453.6,1500.36,1504.00,-3.64,0.242,0.067,-0.59,0.117,13.1,12.9
30618_3e9f4952,#4,518.8,2001.02,2006.21,-5.18,0.258,0.095,-1.54,0.306,48.6,48.5
30618_3e9f4952,#5,557.4,2500.80,2505.61,-4.81,0.192,0.088,+0.37,0.074,30.9,30.9
30618_3e9f4952,#6,610.4,3000.08,3004.16,-4.08,0.136,0.075,+0.73,0.147,3.8,3.6
30618_3e9f4952,#7,757.6,3500.65,3506.66,-6.01,0.171,0.110,-1.93,0.385,30.9,30.7
30618_3e9f4952,#8,877.9,4000.87,4007.37,-6.51,0.162,0.119,-0.50,0.099,33.8,33.8
30618_3e9f4952,#9,1026.8,4500.25,4508.04,-7.79,0.173,0.142,-1.28,0.255,37.3,37.1
30618_3e9f4952,#10,1150.3,5000.26,5007.97,-7.71,0.154,0.141,+0.07,0.015,9.4,9.6
30618_3e9f4952,#11,1322.7,5459.84,5468.28,-8.44,0.154,0.154,-0.72,0.157,2.3,2.1
30618_40ffd323,#1,175.9,501.28,490.60,+10.68,2.178,0.195,+10.68,2.178,30.0,29.9
30618_40ffd323,#2,351.7,1000.03,989.91,+10.12,1.022,0.185,-0.57,0.113,11.7,11.9
30618_40ffd323,#3,414.3,1500.36,1491.43,+8.93,0.598,0.163,-1.19,0.238,14.6,14.4
30618_40ffd323,#4,492.3,2001.00,1998.70,+2.30,0.115,0.042,-6.62,1.306,47.1,48.8
30618_40ffd323,#5,563.3,2500.02,2495.73,+4.29,0.172,0.078,+1.99,0.400,14.2,14.2
30618_40ffd323,#6,676.6,3000.05,2996.52,+3.53,0.118,0.064,-0.76,0.152,5.5,5.7
30618_40ffd323,#7,762.2,3500.95,3498.66,+2.29,0.065,0.042,-1.24,0.247,29.9,29.9
30618_40ffd323,#8,889.7,4000.91,3999.30,+1.61,0.040,0.029,-0.68,0.135,33.4,33.3
30618_40ffd323,#9,1013.6,4500.23,4499.59,+0.64,0.014,0.012,-0.98,0.195,36.0,36.0
30618_40ffd323,#10,1103.2,5000.28,4999.66,+0.62,0.012,0.011,-0.02,0.003,12.5,12.8
30618_40ffd323,#11,1246.2,5470.77,5471.08,-0.31,0.006,0.006,-0.93,0.198,0.0,0.0
30618_437e855c,#1,172.0,500.43,503.42,-2.99,0.594,0.055,-2.99,0.594,32.1,31.8
30618_437e855c,#2,317.7,1000.23,1003.92,-3.70,0.368,0.068,-0.71,0.141,16.3,16.3
30618_437e855c,#3,381.0,1500.24,1504.75,-4.51,0.300,0.083,-0.82,0.163,10.2,9.9
30618_437e855c,#4,445.7,2000.19,2006.82,-6.63,0.330,0.122,-2.11,0.421,48.8,49.0
30618_437e855c,#5,484.6,2500.78,2507.10,-6.32,0.252,0.116,+0.31,0.061,29.7,29.7
30618_437e855c,#6,575.9,3000.14,3006.82,-6.68,0.222,0.123,-0.36,0.073,8.5,8.6
30618_437e855c,#7,723.2,3500.46,3508.48,-8.02,0.229,0.148,-1.34,0.267,29.2,29.1
30618_437e855c,#8,811.1,4001.04,4009.84,-8.80,0.219,0.162,-0.78,0.155,34.4,34.4
30618_437e855c,#9,895.2,4500.04,4509.55,-9.50,0.211,0.175,-0.71,0.141,22.4,22.3
30618_437e855c,#10,1011.5,5000.24,5010.58,-10.34,0.206,0.190,-0.84,0.167,15.2,15.3
30618_437e855c,#11,1150.3,5425.80,5437.37,-11.57,0.213,0.213,-1.23,0.288,11.5,11.5
30618_45ff6f99,#1,0.0,0.00,0.00,+0.00,0.000,0.000,+0.00,0.000,0.0,0.0
30618_49fe4c54,#1,226.0,500.37,504.40,-4.03,0.799,0.073,-4.03,0.799,34.3,34.1
30618_49fe4c54,#2,409.8,1000.27,1004.99,-4.72,0.469,0.085,-0.69,0.137,14.5,14.7
30618_49fe4c54,#3,496.0,1500.13,1505.48,-5.35,0.355,0.097,-0.63,0.126,13.7,13.6
30618_49fe4c54,#4,579.3,2000.03,2007.51,-7.48,0.373,0.135,-2.13,0.424,48.2,48.3
30618_49fe4c54,#5,671.5,2500.18,2507.40,-7.22,0.288,0.130,+0.26,0.052,29.2,29.3
30618_49fe4c54,#6,775.1,3000.02,3007.33,-7.31,0.243,0.132,-0.09,0.019,1.6,1.4
30618_49fe4c54,#7,968.3,3500.49,3511.16,-10.67,0.304,0.193,-3.36,0.667,30.4,30.2
30618_49fe4c54,#8,1049.3,4000.03,4010.85,-10.82,0.270,0.196,-0.14,0.029,37.6,37.5
30618_49fe4c54,#9,1139.5,4500.63,4512.24,-11.61,0.257,0.210,-0.79,0.158,36.7,36.5
30618_49fe4c54,#10,1248.6,5000.13,5011.55,-11.42,0.228,0.207,+0.19,0.038,8.0,8.3
30618_49fe4c54,#11,1376.2,5500.21,5513.06,-12.85,0.233,0.232,-1.43,0.285,17.8,17.9
30618_4d487b0d,#1,153.0,500.61,345.65,+154.95,44.829,2.904,+154.95,44.829,22.5,18.9
30618_4d487b0d,#2,325.8,1000.04,841.38,+158.66,18.857,2.973,+3.71,0.748,12.7,12.5
30618_4d487b0d,#3,395.9,1500.99,1343.53,+157.46,11.720,2.951,-1.20,0.238,20.0,19.8
30618_4d487b0d,#4,463.1,2000.26,1844.75,+155.51,8.430,2.914,-1.95,0.390,46.7,46.7
30618_4d487b0d,#5,524.6,2500.38,2344.14,+156.24,6.665,2.928,+0.73,0.146,10.2,10.6
30618_4d487b0d,#6,582.6,3000.16,2844.84,+155.32,5.460,2.911,-0.92,0.184,16.0,15.9
30618_4d487b0d,#7,678.5,3500.98,3347.11,+153.87,4.597,2.884,-1.44,0.287,31.4,31.4
30618_4d487b0d,#8,769.1,4000.27,3847.55,+152.72,3.969,2.862,-1.16,0.231,39.8,39.5
30618_4d487b0d,#9,880.2,4500.46,4349.03,+151.43,3.482,2.838,-1.29,0.257,39.9,39.9
30618_4d487b0d,#10,952.2,5000.15,4848.24,+151.92,3.133,2.847,+0.49,0.098,12.8,12.7
30618_4d487b0d,#11,1076.3,5486.89,5335.98,+150.91,2.828,2.828,-1.01,0.206,0.0,0.2
30618_5eb8d2c9,#1,107.5,500.33,502.29,-1.96,0.391,0.050,-1.96,0.391,18.8,18.7
30618_5eb8d2c9,#2,293.1,1000.29,1003.19,-2.90,0.289,0.073,-0.93,0.186,15.1,15.3
30618_5eb8d2c9,#3,337.9,1500.49,1503.95,-3.46,0.230,0.087,-0.57,0.113,29.2,29.4
30618_5eb8d2c9,#4,397.0,2000.26,2004.82,-4.56,0.227,0.115,-1.09,0.219,49.6,49.7
30618_5eb8d2c9,#5,440.5,2500.71,2505.04,-4.33,0.173,0.109,+0.23,0.045,36.2,36.4
30618_5eb8d2c9,#6,498.6,3000.11,3004.74,-4.63,0.154,0.117,-0.30,0.059,18.8,18.9
30618_5eb8d2c9,#7,627.7,3500.99,3506.97,-5.98,0.171,0.151,-1.36,0.270,41.7,41.8
30618_5eb8d2c9,#8,749.1,3959.20,3966.12,-6.91,0.174,0.174,-0.93,0.202,0.0,0.1
30618_616ec56b,#1,215.4,500.43,502.74,-2.31,0.459,0.043,-2.31,0.459,37.8,37.9
30618_616ec56b,#2,297.0,1000.14,1003.09,-2.94,0.293,0.054,-0.63,0.126,44.0,43.9
30618_616ec56b,#3,402.4,1500.43,1503.86,-3.43,0.228,0.063,-0.49,0.097,38.2,38.3
30618_616ec56b,#4,547.5,2000.00,2003.31,-3.31,0.165,0.061,+0.12,0.023,0.5,0.7
30618_616ec56b,#5,632.5,2500.40,2504.74,-4.35,0.174,0.081,-1.04,0.207,19.7,19.6
30618_616ec56b,#6,720.7,3000.06,3005.16,-5.10,0.170,0.094,-0.75,0.150,31.6,31.3
30618_616ec56b,#7,763.5,3500.03,3505.86,-5.83,0.166,0.108,-0.73,0.146,49.1,48.8
30618_616ec56b,#8,846.5,4000.24,4005.72,-5.47,0.137,0.101,+0.36,0.071,26.5,26.5
30618_616ec56b,#9,918.5,4500.27,4505.60,-5.32,0.118,0.099,+0.15,0.030,8.0,7.8
30618_616ec56b,#10,1120.0,5000.84,5008.11,-7.27,0.145,0.135,-1.95,0.387,49.3,49.0
30618_616ec56b,#11,1242.1,5392.32,5400.10,-7.78,0.144,0.144,-0.51,0.131,0.0,0.1
30618_67b89902,#1,167.7,500.48,501.97,-1.49,0.296,0.028,-1.49,0.296,36.8,36.9
30618_67b89902,#2,254.4,1000.07,1002.12,-2.05,0.205,0.038,-0.57,0.113,46.1,46.0
30618_67b89902,#3,384.0,1500.13,1502.63,-2.50,0.166,0.046,-0.45,0.089,35.4,35.5
30618_67b89902,#4,465.0,2000.19,2002.22,-2.03,0.101,0.038,+0.47,0.094,8.6,8.5
30618_67b89902,#5,588.2,2500.12,2503.29,-3.17,0.127,0.059,-1.14,0.228,34.0,34.1
30618_67b89902,#6,633.7,3000.95,3004.36,-3.41,0.114,0.063,-0.24,0.047,39.8,39.8
30618_67b89902,#7,672.1,3501.03,3504.67,-3.64,0.104,0.068,-0.23,0.046,48.2,48.2
30618_67b89902,#8,717.1,4000.42,4003.84,-3.42,0.085,0.064,+0.22,0.044,36.5,36.7
30618_67b89902,#9,783.8,4500.32,4503.84,-3.52,0.078,0.065,-0.09,0.019,15.1,15.2
30618_67b89902,#10,876.6,5000.66,5005.37,-4.71,0.094,0.087,-1.19,0.237,49.3,49.3
30618_67b89902,#11,985.6,5384.12,5388.68,-4.56,0.085,0.085,+0.15,0.038,11.5,11.6
30618_68847170,#1,207.7,501.01,502.57,-1.56,0.311,0.029,-1.56,0.311,34.9,35.0
30618_68847170,#2,286.7,1000.55,1002.44,-1.89,0.188,0.035,-0.32,0.065,46.1,45.8
30618_68847170,#3,399.9,1500.42,1502.41,-1.99,0.133,0.037,-0.11,0.022,36.2,36.2
30618_68847170,#4,480.7,2000.05,2001.54,-1.49,0.075,0.028,+0.50,0.100,10.2,9.9
30618_68847170,#5,588.5,2500.90,2503.43,-2.53,0.101,0.047,-1.04,0.207,38.5,38.6
30618_68847170,#6,632.0,3000.08,3002.21,-2.13,0.071,0.039,+0.40,0.081,34.7,34.6
30618_68847170,#7,675.2,3500.19,3502.47,-2.27,0.065,0.042,-0.14,0.029,48.2,48.0
30618_68847170,#8,750.8,4000.05,4001.31,-1.26,0.032,0.023,+1.01,0.203,27.4,27.5
30618_68847170,#9,935.5,4500.89,4503.95,-3.06,0.068,0.057,-1.80,0.358,14.9,15.0
30618_68847170,#10,1049.2,5000.48,5005.19,-4.71,0.094,0.087,-1.65,0.328,49.3,49.2
30618_68847170,#11,1213.8,5405.13,5410.07,-4.94,0.091,0.091,-0.23,0.057,0.0,0.1
30618_68d1748a,#1,201.4,500.89,503.79,-2.90,0.576,0.053,-2.90,0.576,33.5,33.3
30618_68d1748a,#2,344.4,1000.01,1003.10,-3.09,0.308,0.057,-0.19,0.039,15.1,15.2
30618_68d1748a,#3,430.9,1500.07,1504.02,-3.95,0.263,0.073,-0.86,0.171,12.7,12.6
30618_68d1748a,#4,514.0,2001.11,2006.79,-5.67,0.283,0.104,-1.72,0.342,48.7,48.6
30618_68d1748a,#5,558.0,2500.73,2505.60,-4.87,0.194,0.090,+0.81,0.162,31.3,31.2
30618_68d1748a,#6,630.5,3000.02,3003.91,-3.89,0.130,0.072,+0.97,0.195,0.8,0.9
30618_68d1748a,#7,742.7,3501.74,3506.70,-4.96,0.141,0.091,-1.07,0.212,30.4,30.1
30618_68d1748a,#8,824.6,4000.34,4004.41,-4.07,0.102,0.075,+0.89,0.178,30.3,29.9
30618_68d1748a,#9,926.2,4500.12,4501.21,-1.10,0.024,0.020,+2.98,0.599,36.7,36.5
30618_68d1748a,#10,1039.5,5000.22,5002.99,-2.78,0.055,0.051,-1.68,0.335,10.5,10.8
30618_68d1748a,#11,1260.0,5430.50,5434.51,-4.02,0.074,0.074,-1.24,0.287,11.9,11.9
30618_6cb3280a,#1,244.9,500.90,503.71,-2.82,0.559,0.052,-2.82,0.559,34.4,34.5
30618_6cb3280a,#2,330.0,1000.86,1004.46,-3.60,0.358,0.066,-0.79,0.157,46.3,46.4
30618_6cb3280a,#3,429.6,1500.40,1504.42,-4.02,0.267,0.074,-0.42,0.084,33.5,33.7
30618_6cb3280a,#4,508.6,2000.43,2004.97,-4.54,0.227,0.084,-0.52,0.105,16.1,15.8
30618_6cb3280a,#5,697.8,2500.44,2506.76,-6.32,0.252,0.117,-1.78,0.355,33.4,33.6
30618_6cb3280a,#6,741.5,3000.16,3006.80,-6.64,0.221,0.123,-0.32,0.064,33.7,33.7
30618_6cb3280a,#7,823.5,3500.75,3508.32,-7.58,0.216,0.140,-0.93,0.186,50.3,50.3
30618_6cb3280a,#8,868.4,4001.22,4008.63,-7.41,0.185,0.137,+0.17,0.033,36.7,36.8
30618_6cb3280a,#9,942.1,4500.11,4507.81,-7.70,0.171,0.142,-0.29,0.058,14.4,14.5
30618_6cb3280a,#10,1046.7,5000.52,5009.68,-9.16,0.183,0.169,-1.46,0.291,48.8,48.7
30618_6cb3280a,#11,1221.8,5412.77,5422.66,-9.89,0.182,0.182,-0.73,0.176,0.0,0.1
30618_748832b9,#1,186.7,500.40,502.64,-2.24,0.446,0.041,-2.24,0.446,34.4,34.5
30618_748832b9,#2,292.6,1000.28,1003.38,-3.09,0.308,0.057,-0.85,0.170,47.0,46.9
30618_748832b9,#3,400.2,1500.30,1503.96,-3.65,0.243,0.067,-0.56,0.112,34.1,34.3
30618_748832b9,#4,479.7,2000.08,2004.21,-4.13,0.206,0.076,-0.48,0.095,15.8,15.6
30618_748832b9,#5,595.8,2500.45,2505.99,-5.54,0.221,0.102,-1.41,0.280,36.2,36.5
30618_748832b9,#6,639.4,3000.83,3006.50,-5.68,0.189,0.105,-0.14,0.028,33.8,33.4
30618_748832b9,#7,705.9,3500.31,3506.71,-6.40,0.183,0.118,-0.73,0.145,49.7,49.6
30618_748832b9,#8,750.7,4000.53,4006.71,-6.18,0.154,0.114,+0.22,0.044,36.4,36.5
30618_748832b9,#9,828.2,4500.04,4506.52,-6.49,0.144,0.120,-0.31,0.062,14.5,14.6
30618_748832b9,#10,936.9,5000.02,5008.49,-8.47,0.169,0.156,-1.98,0.394,48.9,49.0
30618_748832b9,#11,1107.3,5409.95,5421.55,-11.60,0.214,0.214,-3.13,0.758,0.0,0.1
30618_76e1f9c7,#1,132.7,500.18,502.10,-1.92,0.382,0.035,-1.92,0.382,33.1,32.8
30618_76e1f9c7,#2,382.2,1000.32,1002.76,-2.43,0.243,0.044,-0.51,0.103,15.4,15.4
30618_76e1f9c7,#3,469.6,1500.45,1503.42,-2.97,0.197,0.054,-0.54,0.107,12.4,12.2
30618_76e1f9c7,#4,553.0,2001.29,2005.71,-4.42,0.220,0.081,-1.45,0.288,48.9,48.8
30618_76e1f9c7,#5,596.9,2500.21,2503.83,-3.63,0.145,0.066,+0.79,0.158,31.3,31.2
30618_76e1f9c7,#6,649.6,3000.01,3002.53,-2.51,0.084,0.046,+1.11,0.223,1.6,1.4
30618_76e1f9c7,#7,832.3,3500.13,3504.05,-3.92,0.112,0.072,-1.41,0.281,30.7,30.6
30618_76e1f9c7,#8,925.0,4000.06,4004.37,-4.31,0.108,0.079,-0.39,0.079,35.5,35.4
30618_76e1f9c7,#9,1055.7,4500.29,4505.30,-5.01,0.111,0.092,-0.69,0.139,36.8,36.7
30618_76e1f9c7,#10,1163.9,5000.01,5004.45,-4.45,0.089,0.081,+0.56,0.112,9.1,9.2
30618_76e1f9c7,#11,1298.9,5461.23,5466.77,-5.54,0.101,0.101,-1.09,0.236,14.5,14.5
30618_7849303f,#1,186.7,500.40,502.64,-2.24,0.446,0.041,-2.24,0.446,34.4,34.5
30618_7849303f,#2,292.6,1000.28,1003.38,-3.09,0.308,0.057,-0.85,0.170,47.0,46.9
30618_7849303f,#3,400.2,1500.30,1503.96,-3.65,0.243,0.067,-0.56,0.112,34.1,34.3
30618_7849303f,#4,479.7,2000.08,2004.21,-4.13,0.206,0.076,-0.48,0.095,15.8,15.6
30618_7849303f,#5,595.8,2500.45,2505.99,-5.54,0.221,0.102,-1.41,0.280,36.2,36.5
30618_7849303f,#6,639.4,3000.83,3006.50,-5.68,0.189,0.105,-0.14,0.028,33.8,33.4
30618_7849303f,#7,705.9,3500.31,3506.71,-6.40,0.183,0.118,-0.73,0.145,49.7,49.6
30618_7849303f,#8,750.7,4000.53,4006.71,-6.18,0.154,0.114,+0.22,0.044,36.4,36.5
30618_7849303f,#9,828.2,4500.04,4506.52,-6.49,0.144,0.120,-0.31,0.062,14.5,14.6
30618_7849303f,#10,936.9,5000.02,5008.49,-8.47,0.169,0.156,-1.98,0.394,48.9,49.0
30618_7849303f,#11,1107.3,5409.95,5421.55,-11.60,0.214,0.214,-3.13,0.758,0.0,0.1
30618_7b4d83f4,#1,193.5,500.31,502.24,-1.93,0.384,0.036,-1.93,0.384,34.1,34.2
30618_7b4d83f4,#2,276.8,1000.42,1002.38,-1.96,0.195,0.036,-0.02,0.005,46.8,46.8
30618_7b4d83f4,#3,375.3,1500.38,1502.25,-1.87,0.125,0.035,+0.08,0.017,33.1,33.2
30618_7b4d83f4,#4,454.3,2000.11,2001.83,-1.72,0.086,0.032,+0.15,0.030,16.8,16.7
30618_7b4d83f4,#5,657.1,2502.11,2504.83,-2.72,0.109,0.050,-1.00,0.199,35.6,36.0
30618_7b4d83f4,#6,700.4,3000.65,3003.06,-2.41,0.080,0.044,+0.31,0.063,33.8,33.7
30618_7b4d83f4,#7,771.2,3500.38,3503.13,-2.76,0.079,0.051,-0.35,0.070,49.1,48.9
30618_7b4d83f4,#8,826.7,4000.34,4002.03,-1.69,0.042,0.031,+1.07,0.214,26.3,26.4
30618_7b4d83f4,#9,895.2,4500.26,4501.77,-1.52,0.034,0.028,+0.17,0.034,14.4,14.6
30618_7b4d83f4,#10,1013.3,5001.21,5003.81,-2.60,0.052,0.048,-1.08,0.216,48.2,48.2
30618_7b4d83f4,#11,1159.2,5416.77,5419.15,-2.38,0.044,0.044,+0.22,0.054,0.0,0.1
30618_8158f0b0,#1,131.6,500.83,503.94,-3.11,0.618,0.056,-3.11,0.618,34.0,33.8
30618_8158f0b0,#2,306.8,1000.19,1004.20,-4.01,0.399,0.073,-0.90,0.179,15.3,15.5
30618_8158f0b0,#3,393.4,1500.26,1505.32,-5.06,0.336,0.092,-1.05,0.209,12.2,12.1
30618_8158f0b0,#4,475.8,2000.03,2006.94,-6.90,0.344,0.125,-1.85,0.368,48.3,48.2
30618_8158f0b0,#5,520.0,2501.06,2507.58,-6.51,0.260,0.118,+0.39,0.078,30.7,30.6
30618_8158f0b0,#6,621.4,3000.09,3006.83,-6.74,0.224,0.122,-0.22,0.045,6.9,7.0
30618_8158f0b0,#7,723.8,3500.72,3508.83,-8.11,0.231,0.147,-1.37,0.274,29.9,29.9
30618_8158f0b0,#8,858.9,4000.48,4009.25,-8.77,0.219,0.159,-0.66,0.132,23.6,23.7
30618_8158f0b0,#9,945.8,4500.07,4510.19,-10.12,0.224,0.183,-1.35,0.270,36.0,35.9
30618_8158f0b0,#10,1055.9,5000.17,5010.32,-10.14,0.202,0.184,-0.02,0.003,12.8,13.2
30618_8158f0b0,#11,1174.5,5500.45,5512.44,-11.99,0.218,0.217,-1.85,0.369,14.7,14.4
30618_87afe526,#1,184.7,500.18,502.30,-2.12,0.422,0.039,-2.12,0.422,34.3,34.0
30618_87afe526,#2,319.7,1000.33,1002.72,-2.39,0.239,0.044,-0.27,0.055,15.0,15.1
30618_87afe526,#3,406.1,1500.31,1503.25,-2.94,0.195,0.054,-0.54,0.109,13.2,13.0
30618_87afe526,#4,489.3,2001.28,2005.60,-4.32,0.216,0.079,-1.38,0.276,48.5,48.4
30618_87afe526,#5,553.4,2500.06,2504.31,-4.25,0.170,0.078,+0.07,0.014,38.1,38.2
30618_87afe526,#6,618.4,3000.01,3003.63,-3.62,0.120,0.066,+0.63,0.127,1.2,1.1
30618_87afe526,#7,744.1,3500.47,3505.83,-5.36,0.153,0.098,-1.74,0.347,30.9,30.8
30618_87afe526,#8,838.4,4000.05,4005.53,-5.49,0.137,0.101,-0.13,0.026,34.9,34.9
30618_87afe526,#9,942.4,4500.66,4506.98,-6.32,0.140,0.116,-0.83,0.165,36.7,36.5
30618_87afe526,#10,1048.4,5000.16,5004.90,-4.74,0.095,0.087,+1.58,0.317,8.3,8.6
30618_87afe526,#11,1219.2,5438.64,5444.67,-6.03,0.111,0.111,-1.29,0.294,14.5,14.5
30618_88548b02,#1,200.4,500.11,505.66,-5.55,1.098,0.103,-5.55,1.098,36.3,36.5
30618_88548b02,#2,314.5,1000.04,1009.11,-9.07,0.899,0.169,-3.52,0.699,36.9,37.0
30618_88548b02,#3,473.7,1500.99,1514.31,-13.32,0.880,0.248,-4.26,0.842,35.7,36.1
30618_88548b02,#4,593.1,2000.61,2017.85,-17.24,0.855,0.321,-3.92,0.778,31.6,31.8
30618_88548b02,#5,730.3,2500.84,2521.82,-20.99,0.832,0.390,-3.74,0.742,47.7,48.3
30618_88548b02,#6,812.2,3000.18,3022.97,-22.78,0.754,0.424,-1.80,0.359,9.1,9.2
30618_88548b02,#7,857.9,3500.08,3526.85,-26.77,0.759,0.498,-3.98,0.791,48.4,48.5
30618_88548b02,#8,908.3,4000.61,4029.69,-29.08,0.722,0.541,-2.31,0.460,35.7,35.9
30618_88548b02,#9,1066.9,4500.25,4532.82,-32.57,0.719,0.606,-3.49,0.694,11.8,12.1
30618_88548b02,#10,1132.8,5001.21,5038.54,-37.32,0.741,0.694,-4.75,0.940,42.2,42.4
30618_88548b02,#11,1251.9,5333.79,5374.12,-40.33,0.750,0.750,-3.01,0.897,0.0,0.2
30618_93dc866e,#1,123.2,500.05,501.00,-0.95,0.189,0.021,-0.95,0.189,3.4,3.7
30618_93dc866e,#2,256.0,1000.24,1002.47,-2.23,0.222,0.049,-1.28,0.255,13.5,13.6
30618_93dc866e,#3,416.1,1501.00,1505.29,-4.28,0.284,0.094,-2.06,0.409,39.9,39.9
30618_93dc866e,#4,525.0,2000.32,2005.10,-4.79,0.239,0.105,-0.50,0.101,40.7,40.6
30618_93dc866e,#5,589.1,2501.45,2507.07,-5.61,0.224,0.123,-0.83,0.165,52.1,52.1
30618_93dc866e,#6,629.8,3000.92,3006.05,-5.13,0.171,0.113,+0.48,0.097,34.7,34.7
30618_93dc866e,#7,680.0,3500.02,3506.06,-6.04,0.172,0.132,-0.91,0.181,34.8,34.7
30618_93dc866e,#8,927.1,4000.17,4006.60,-6.43,0.161,0.141,-0.39,0.079,9.6,9.9
30618_93dc866e,#9,1054.7,4500.02,4506.75,-6.73,0.149,0.148,-0.29,0.059,2.2,4.9
30618_98161270,#1,0.0,0.00,0.00,+0.00,0.000,0.000,+0.00,0.000,0.0,0.0
30618_9c09b081,#1,178.7,501.66,505.60,-3.94,0.780,0.072,-3.94,0.780,33.4,33.2
30618_9c09b081,#2,332.0,1000.49,1005.27,-4.78,0.475,0.087,-0.83,0.167,15.9,15.9
30618_9c09b081,#3,418.8,1500.28,1506.00,-5.73,0.380,0.104,-0.95,0.189,11.4,11.2
30618_9c09b081,#4,501.4,2000.11,2007.64,-7.53,0.375,0.137,-1.81,0.360,48.6,48.6
30618_9c09b081,#5,545.7,2500.01,2507.14,-7.13,0.284,0.130,+0.40,0.080,30.3,30.2
30618_9c09b081,#6,703.5,3000.13,3007.85,-7.71,0.256,0.141,-0.58,0.116,4.9,4.9
30618_9c09b081,#7,853.9,3501.49,3510.86,-9.37,0.267,0.171,-1.66,0.329,30.2,30.0
30618_9c09b081,#8,981.1,4000.16,4010.18,-10.02,0.250,0.183,-0.65,0.131,33.7,33.6
30618_9c09b081,#9,1092.5,4500.63,4511.81,-11.18,0.248,0.204,-1.15,0.230,36.2,36.0
30618_9c09b081,#10,1206.2,5000.02,5011.51,-11.48,0.229,0.209,-0.31,0.061,13.1,13.3
30618_9c09b081,#11,1331.5,5470.01,5482.70,-12.68,0.231,0.231,-1.20,0.254,0.0,0.1
30618_a395846d,#1,204.6,500.40,501.92,-1.52,0.303,0.028,-1.52,0.303,14.9,14.8
30618_a395846d,#2,421.6,1000.34,1004.16,-3.82,0.380,0.070,-2.30,0.457,15.2,15.5
30618_a395846d,#3,484.0,1500.30,1504.94,-4.64,0.308,0.085,-0.82,0.164,11.4,11.4
30618_a395846d,#4,548.2,2000.19,2006.90,-6.71,0.334,0.123,-2.07,0.412,48.4,48.4
30618_a395846d,#5,610.7,2500.67,2507.17,-6.50,0.259,0.119,+0.21,0.042,30.6,30.5
30618_a395846d,#6,710.6,3000.16,3006.64,-6.49,0.216,0.118,+0.01,0.002,7.9,8.1
30618_a395846d,#7,867.8,3500.38,3508.84,-8.46,0.241,0.155,-1.97,0.393,29.9,29.9
30618_a395846d,#8,973.1,4000.62,4010.15,-9.53,0.238,0.174,-1.07,0.214,33.5,33.4
30618_a395846d,#9,1062.6,4500.05,4510.86,-10.80,0.240,0.197,-1.27,0.254,35.8,35.7
30618_a395846d,#10,1178.3,5000.31,5011.09,-10.78,0.215,0.197,+0.02,0.005,11.5,11.8
30618_a395846d,#11,1314.3,5461.98,5473.70,-11.72,0.214,0.214,-0.94,0.203,0.0,0.0
30618_a53d5f6f,#1,191.7,500.11,502.54,-2.43,0.483,0.045,-2.43,0.483,26.2,26.1
30618_a53d5f6f,#2,351.1,1000.06,1002.78,-2.72,0.271,0.050,-0.29,0.058,11.4,11.5
30618_a53d5f6f,#3,413.8,1500.38,1503.77,-3.39,0.225,0.062,-0.67,0.133,14.7,14.5
30618_a53d5f6f,#4,479.5,2002.18,2007.10,-4.91,0.245,0.090,-1.53,0.304,48.0,48.0
30618_a53d5f6f,#5,517.8,2500.08,2504.59,-4.51,0.180,0.083,+0.41,0.082,31.9,31.8
30618_a53d5f6f,#6,581.6,3000.16,3004.09,-3.94,0.131,0.072,+0.57,0.114,7.4,7.3
30618_a53d5f6f,#7,727.7,3500.66,3506.69,-6.03,0.172,0.111,-2.09,0.417,31.2,31.2
30618_a53d5f6f,#8,853.5,4000.55,4007.62,-7.07,0.176,0.130,-1.04,0.207,34.0,34.0
30618_a53d5f6f,#9,947.0,4500.30,4514.95,-14.65,0.325,0.269,-7.58,1.495,37.6,37.4
30618_a53d5f6f,#10,1085.9,5000.09,5014.70,-14.62,0.291,0.268,+0.04,0.007,5.0,5.3
30618_a53d5f6f,#11,1212.5,5431.24,5447.07,-15.84,0.291,0.291,-1.22,0.282,10.4,10.4
30618_a869780d,#1,100.8,500.60,501.74,-1.14,0.228,0.022,-1.14,0.228,30.1,30.3
30618_a869780d,#2,225.0,1000.20,1001.97,-1.77,0.177,0.033,-0.63,0.126,35.5,35.6
30618_a869780d,#3,290.2,1500.81,1503.38,-2.57,0.171,0.048,-0.80,0.159,35.8,35.8
30618_a869780d,#4,338.9,2001.65,2004.56,-2.91,0.145,0.055,-0.34,0.069,52.9,52.9
30618_a869780d,#5,387.6,2500.47,2502.96,-2.50,0.100,0.047,+0.42,0.084,33.8,33.9
30618_a869780d,#6,498.5,3000.74,3004.02,-3.28,0.109,0.062,-0.78,0.156,36.7,36.6
30618_a869780d,#7,659.1,3500.46,3503.92,-3.46,0.099,0.065,-0.18,0.036,15.8,16.1
30618_a869780d,#8,807.8,4000.77,4005.57,-4.80,0.120,0.091,-1.35,0.268,33.0,33.1
30618_a869780d,#9,914.6,4500.11,4506.06,-5.95,0.132,0.112,-1.14,0.229,38.6,38.8
30618_a869780d,#10,997.3,5000.14,5006.75,-6.60,0.132,0.124,-0.66,0.131,36.3,36.4
30618_a869780d,#11,1086.3,5300.64,5308.01,-7.37,0.139,0.139,-0.77,0.255,26.1,26.1
30618_ab5921a4,#1,110.3,500.24,502.81,-2.57,0.512,0.047,-2.57,0.512,30.3,30.0
30618_ab5921a4,#2,278.3,1000.22,1004.14,-3.92,0.391,0.072,-1.35,0.269,15.8,16.0
30618_ab5921a4,#3,364.8,1500.02,1504.53,-4.51,0.300,0.083,-0.59,0.117,11.5,11.3
30618_ab5921a4,#4,447.9,2000.74,2006.99,-6.25,0.312,0.114,-1.74,0.347,49.0,49.0
30618_ab5921a4,#5,493.9,2500.13,2505.88,-5.75,0.229,0.105,+0.51,0.101,31.1,30.9
30618_ab5921a4,#6,553.5,3000.06,3005.41,-5.36,0.178,0.098,+0.39,0.078,6.5,6.8
30618_ab5921a4,#7,642.3,3500.00,3506.46,-6.46,0.184,0.118,-1.10,0.220,29.9,29.8
30618_ab5921a4,#8,750.1,4000.24,4007.55,-7.30,0.182,0.134,-0.85,0.169,34.1,34.1
30618_ab5921a4,#9,851.7,4500.36,4508.28,-7.92,0.176,0.145,-0.62,0.123,23.2,23.1
30618_ab5921a4,#10,964.2,5000.41,5008.81,-8.40,0.168,0.154,-0.48,0.096,12.5,13.0
30618_ab5921a4,#11,1154.4,5454.43,5464.05,-9.61,0.176,0.176,-1.21,0.266,0.0,0.0
30618_ae4eb346,#1,178.2,500.53,503.23,-2.69,0.535,0.050,-2.69,0.535,34.2,33.9
30618_ae4eb346,#2,366.3,1000.54,1004.62,-4.08,0.406,0.075,-1.38,0.275,13.5,13.9
30618_ae4eb346,#3,429.2,1500.09,1504.70,-4.62,0.307,0.085,-0.54,0.108,11.3,11.1
30618_ae4eb346,#4,493.4,2001.22,2007.89,-6.67,0.332,0.123,-2.05,0.407,48.6,48.7
30618_ae4eb346,#5,576.1,2500.26,2507.10,-6.84,0.273,0.126,-0.17,0.034,29.7,29.9
30618_ae4eb346,#6,701.4,3000.05,3007.69,-7.64,0.254,0.140,-0.80,0.161,3.4,3.4
30618_ae4eb346,#7,820.2,3500.37,3510.08,-9.72,0.277,0.179,-2.07,0.413,29.8,29.8
30618_ae4eb346,#8,905.0,4000.24,4010.61,-10.37,0.259,0.191,-0.65,0.131,33.9,33.8
30618_ae4eb346,#9,1017.5,4500.16,4511.63,-11.46,0.254,0.211,-1.09,0.218,36.1,35.8
30618_ae4eb346,#10,1133.0,5000.13,5012.25,-12.12,0.242,0.223,-0.66,0.132,15.1,15.2
30618_ae4eb346,#11,1258.2,5428.41,5441.51,-13.10,0.241,0.241,-0.98,0.229,0.0,0.1
30618_af7496f0,#1,44.7,112.20,112.86,-0.66,0.585,0.148,-0.66,0.585,11.6,11.5
30618_af7496f0,#2,108.4,225.07,227.52,-2.45,1.078,0.550,-1.79,1.564,24.5,25.9
30618_af7496f0,#3,174.8,336.73,332.42,+4.31,1.296,0.966,+6.76,6.446,10.9,10.6
30618_af7496f0,#4,266.4,448.72,446.16,+2.56,0.574,0.574,-1.75,1.538,38.9,38.9
30618_b15eafc3,#1,228.6,500.52,502.55,-2.03,0.403,0.037,-2.03,0.403,36.3,36.4
30618_b15eafc3,#2,310.9,1000.58,1002.82,-2.24,0.224,0.041,-0.22,0.043,45.7,45.6
30618_b15eafc3,#3,451.8,1500.15,1502.73,-2.58,0.171,0.048,-0.33,0.067,36.2,36.3
30618_b15eafc3,#4,532.8,2000.24,2002.40,-2.15,0.108,0.040,+0.42,0.085,9.7,9.6
30618_b15eafc3,#5,709.1,2500.55,2504.33,-3.79,0.151,0.070,-1.63,0.325,38.5,38.6
30618_b15eafc3,#6,752.6,3000.20,3003.63,-3.43,0.114,0.063,+0.36,0.071,34.7,34.6
30618_b15eafc3,#7,795.8,3500.40,3503.97,-3.57,0.102,0.066,-0.14,0.028,48.9,48.8
30618_b15eafc3,#8,848.5,4000.16,4002.78,-2.63,0.066,0.049,+0.94,0.189,27.1,27.3
30618_b15eafc3,#9,945.8,4500.30,4503.00,-2.70,0.060,0.050,-0.08,0.015,15.0,14.9
30618_b15eafc3,#10,1044.0,5000.84,5004.27,-3.44,0.069,0.064,-0.73,0.146,44.3,44.3
30618_b15eafc3,#11,1258.8,5406.49,5411.56,-5.08,0.094,0.094,-1.64,0.403,0.2,0.1
30618_b3042f78,#1,153.0,500.61,345.65,+154.95,44.829,2.904,+154.95,44.829,22.5,18.9
30618_b3042f78,#2,325.8,1000.04,841.38,+158.66,18.857,2.973,+3.71,0.748,12.7,12.5
30618_b3042f78,#3,395.9,1500.99,1343.53,+157.46,11.720,2.951,-1.20,0.238,20.0,19.8
30618_b3042f78,#4,463.1,2000.26,1844.75,+155.51,8.430,2.914,-1.95,0.390,46.7,46.7
30618_b3042f78,#5,524.6,2500.38,2344.14,+156.24,6.665,2.928,+0.73,0.146,10.2,10.6
30618_b3042f78,#6,582.6,3000.16,2844.84,+155.32,5.460,2.911,-0.92,0.184,16.0,15.9
30618_b3042f78,#7,678.5,3500.98,3347.11,+153.87,4.597,2.884,-1.44,0.287,31.4,31.4
30618_b3042f78,#8,769.1,4000.27,3847.55,+152.72,3.969,2.862,-1.16,0.231,39.8,39.5
30618_b3042f78,#9,880.2,4500.46,4349.03,+151.43,3.482,2.838,-1.29,0.257,39.9,39.9
30618_b3042f78,#10,952.2,5000.15,4848.24,+151.92,3.133,2.847,+0.49,0.098,12.8,12.7
30618_b3042f78,#11,1076.3,5486.89,5335.98,+150.91,2.828,2.828,-1.01,0.206,0.0,0.2
30618_b8044aa0,#1,177.8,500.12,502.20,-2.08,0.414,0.038,-2.08,0.414,36.6,36.6
30618_b8044aa0,#2,259.9,1000.14,1002.38,-2.24,0.224,0.041,-0.16,0.033,46.1,46.1
30618_b8044aa0,#3,445.1,1500.05,1502.77,-2.72,0.181,0.050,-0.48,0.095,36.3,36.5
30618_b8044aa0,#4,526.9,2000.20,2002.13,-1.93,0.097,0.036,+0.79,0.157,9.7,9.5
30618_b8044aa0,#5,685.5,2500.55,2503.53,-2.98,0.119,0.055,-1.05,0.209,36.2,36.2
30618_b8044aa0,#6,729.5,3001.00,3003.64,-2.64,0.088,0.049,+0.34,0.068,35.1,34.9
30618_b8044aa0,#7,772.7,3500.49,3503.24,-2.75,0.079,0.051,-0.11,0.023,48.7,48.6
30618_b8044aa0,#8,826.1,4000.10,4001.80,-1.70,0.043,0.031,+1.05,0.211,27.5,27.4
30618_b8044aa0,#9,928.1,4500.20,4501.77,-1.57,0.035,0.029,+0.14,0.027,14.8,14.8
30618_b8044aa0,#10,1094.0,5001.14,5004.24,-3.10,0.062,0.057,-1.53,0.305,49.5,49.4
30618_b8044aa0,#11,1275.5,5407.83,5410.85,-3.02,0.056,0.056,+0.08,0.019,0.2,0.0
30618_b83d854d,#1,165.8,500.53,502.56,-2.03,0.405,0.037,-2.03,0.405,31.6,31.3
30618_b83d854d,#2,335.1,1000.25,1002.52,-2.27,0.226,0.042,-0.23,0.047,16.0,16.2
30618_b83d854d,#3,422.5,1500.04,1502.76,-2.72,0.181,0.050,-0.45,0.091,11.1,11.1
30618_b83d854d,#4,506.0,2000.08,2004.05,-3.97,0.198,0.073,-1.25,0.249,49.2,49.1
30618_b83d854d,#5,550.0,2500.84,2504.05,-3.20,0.128,0.059,+0.77,0.154,30.7,30.5
30618_b83d854d,#6,674.2,3000.09,3002.87,-2.78,0.093,0.051,+0.42,0.084,2.8,3.2
30618_b83d854d,#7,774.2,3500.66,3504.05,-3.39,0.097,0.063,-0.61,0.122,29.7,29.5
30618_b83d854d,#8,902.1,4000.42,4003.70,-3.28,0.082,0.061,+0.11,0.022,18.1,17.9
30618_b83d854d,#9,1002.8,4500.70,4504.86,-4.16,0.092,0.077,-0.87,0.175,36.4,36.1
30618_b83d854d,#10,1084.0,5000.18,5003.53,-3.36,0.067,0.062,+0.80,0.160,9.6,9.9
30618_b83d854d,#11,1206.5,5422.35,5426.11,-3.76,0.069,0.069,-0.40,0.095,9.7,9.8
30618_b95ca60a,#1,164.6,500.40,501.68,-1.29,0.256,0.024,-1.29,0.256,36.1,36.2
30618_b95ca60a,#2,245.2,1000.16,1001.51,-1.36,0.135,0.025,-0.07,0.014,45.7,45.6
30618_b95ca60a,#3,345.6,1500.11,1501.29,-1.18,0.079,0.022,+0.17,0.034,36.1,36.0
30618_b95ca60a,#4,425.9,2000.05,2000.97,-0.92,0.046,0.017,+0.27,0.054,10.6,10.5
30618_b95ca60a,#5,542.1,2500.45,2502.41,-1.96,0.078,0.036,-1.04,0.207,37.9,38.1
30618_b95ca60a,#6,585.7,3000.36,3001.76,-1.39,0.046,0.026,+0.56,0.113,31.6,31.5
30618_b95ca60a,#7,655.6,3500.08,3501.93,-1.85,0.053,0.034,-0.45,0.091,49.2,49.0
30618_b95ca60a,#8,723.1,4000.21,3999.34,+0.87,0.022,0.016,+2.72,0.547,27.1,27.1
30618_b95ca60a,#9,792.6,4500.20,4499.17,+1.03,0.023,0.019,+0.16,0.032,15.3,15.4
30618_b95ca60a,#10,921.4,5000.72,5000.83,-0.11,0.002,0.002,-1.14,0.227,49.1,49.1
30618_b95ca60a,#11,1088.9,5408.05,5408.14,-0.09,0.002,0.002,+0.02,0.004,0.0,0.1
30618_bab2fe58,#1,34.8,50.08,50.58,-0.50,0.986,0.315,-0.50,0.986,10.1,10.2
30618_bab2fe58,#2,48.3,100.45,101.27,-0.82,0.810,0.518,-0.32,0.633,19.6,19.7
30618_bab2fe58,#3,55.7,150.08,150.90,-0.82,0.544,0.518,-0.00,0.001,22.4,22.2
30618_bc5e53c2,#1,0.0,0.00,0.00,+0.00,0.000,0.000,+0.00,0.000,0.0,0.0
30618_d4ba7005,#1,179.5,500.52,502.66,-2.15,0.427,0.040,-2.15,0.427,32.6,32.5
30618_d4ba7005,#2,264.6,1000.85,1003.43,-2.58,0.257,0.048,-0.44,0.087,34.5,34.2
30618_d4ba7005,#3,402.2,1500.74,1504.28,-3.53,0.235,0.066,-0.95,0.190,36.2,36.2
30618_d4ba7005,#4,504.9,2000.53,2004.65,-4.12,0.205,0.077,-0.58,0.117,32.3,32.4
30618_d4ba7005,#5,644.6,2500.24,2505.27,-5.04,0.201,0.094,-0.92,0.183,48.5,49.0
30618_d4ba7005,#6,688.6,3000.36,3005.36,-5.00,0.166,0.093,+0.04,0.007,42.3,42.4
30618_d4ba7005,#7,726.5,3501.33,3506.54,-5.21,0.149,0.097,-0.21,0.042,47.6,47.5
30618_d4ba7005,#8,772.7,4000.82,4005.96,-5.14,0.128,0.096,+0.07,0.013,35.2,35.2
30618_d4ba7005,#9,873.5,4500.11,4505.26,-5.15,0.114,0.096,-0.01,0.002,7.4,7.3
30618_d4ba7005,#10,1004.5,5000.43,5006.95,-6.52,0.130,0.122,-1.37,0.272,44.0,43.9
30618_d4ba7005,#11,1157.7,5343.27,5350.29,-7.02,0.131,0.131,-0.50,0.145,0.0,0.1
30618_dd8d0741,#1,170.4,501.81,503.86,-2.05,0.407,0.037,-2.05,0.407,34.0,33.7
30618_dd8d0741,#2,359.6,1000.06,1002.97,-2.91,0.290,0.053,-0.86,0.173,14.2,14.5
30618_dd8d0741,#3,422.5,1500.39,1504.10,-3.71,0.247,0.068,-0.80,0.160,12.1,12.0
30618_dd8d0741,#4,487.6,2000.37,2006.35,-5.98,0.298,0.109,-2.27,0.451,48.0,48.1
30618_dd8d0741,#5,534.6,2500.73,2506.28,-5.55,0.221,0.102,+0.43,0.086,31.4,31.2
30618_dd8d0741,#6,650.6,3000.08,3006.20,-6.12,0.204,0.112,-0.57,0.114,5.7,6.0
30618_dd8d0741,#7,776.1,3500.66,3508.32,-7.66,0.218,0.140,-1.54,0.306,30.4,30.5
30618_dd8d0741,#8,870.6,4001.02,4009.43,-8.41,0.210,0.154,-0.75,0.150,34.1,33.9
30618_dd8d0741,#9,1021.7,4500.24,4509.12,-8.88,0.197,0.163,-0.47,0.094,36.8,36.7
30618_dd8d0741,#10,1150.4,5000.25,5009.54,-9.29,0.185,0.170,-0.41,0.081,12.7,13.1
30618_dd8d0741,#11,1267.7,5453.61,5464.41,-10.80,0.198,0.198,-1.51,0.332,15.4,15.4
30618_dd8e6395,#1,147.4,500.73,503.45,-2.72,0.541,0.051,-2.72,0.541,34.9,34.7
30618_dd8e6395,#2,281.9,1000.19,1003.24,-3.05,0.304,0.057,-0.33,0.066,10.0,10.1
30618_dd8e6395,#3,345.0,1500.16,1504.29,-4.13,0.274,0.077,-1.07,0.214,15.2,15.3
30618_dd8e6395,#4,412.9,2000.74,2006.70,-5.95,0.297,0.111,-1.83,0.364,48.3,48.4
30618_dd8e6395,#5,456.4,2500.29,2506.06,-5.77,0.230,0.107,+0.18,0.037,33.2,33.1
30618_dd8e6395,#6,553.7,3000.17,3005.88,-5.71,0.190,0.106,+0.06,0.012,7.7,7.8
30618_dd8e6395,#7,725.3,3500.49,3507.96,-7.47,0.213,0.139,-1.76,0.351,30.6,30.6
30618_dd8e6395,#8,844.4,4000.32,4008.60,-8.28,0.207,0.154,-0.81,0.161,31.1,31.0
30618_dd8e6395,#9,1008.6,4500.14,4509.93,-9.79,0.217,0.182,-1.51,0.302,37.9,37.7
30618_dd8e6395,#10,1119.5,5000.04,5009.51,-9.47,0.189,0.176,+0.32,0.065,4.6,4.8
30618_dd8e6395,#11,1200.3,5367.44,5377.72,-10.28,0.191,0.191,-0.81,0.220,0.0,0.1
30618_defd0170,#1,212.2,500.61,511.47,-10.86,2.124,0.208,-10.86,2.124,31.4,32.0
30618_defd0170,#2,306.9,1000.28,1020.02,-19.74,1.935,0.379,-8.88,1.746,42.0,42.4
30618_defd0170,#3,452.4,1500.22,1528.63,-28.42,1.859,0.545,-8.68,1.706,24.3,25.2
30618_defd0170,#4,558.7,2000.50,2038.14,-37.64,1.847,0.722,-9.22,1.810,27.3,27.7
30618_defd0170,#5,682.8,2501.07,2547.25,-46.18,1.813,0.886,-8.54,1.678,44.5,45.2
30618_defd0170,#6,726.8,3001.33,3055.46,-54.13,1.772,1.039,-7.95,1.564,46.0,46.8
30618_defd0170,#7,764.3,3500.19,3561.93,-61.74,1.733,1.185,-7.61,1.502,47.3,48.0
30618_defd0170,#8,811.4,4000.27,4069.07,-68.81,1.691,1.321,-7.07,1.393,35.3,35.8
30618_defd0170,#9,917.6,4500.26,4576.29,-76.03,1.661,1.459,-7.22,1.423,10.3,10.5
30618_defd0170,#10,1005.7,5000.41,5085.62,-85.21,1.675,1.636,-9.18,1.803,37.8,38.2
30618_defd0170,#11,1047.5,5123.11,5209.89,-86.78,1.666,1.666,-1.57,1.266,21.4,21.6
30618_e2dcf65f,#1,161.4,500.81,502.64,-1.83,0.364,0.034,-1.83,0.364,33.8,33.8
30618_e2dcf65f,#2,244.7,1000.03,1002.44,-2.41,0.241,0.045,-0.58,0.117,46.0,46.2
30618_e2dcf65f,#3,357.8,1500.91,1503.30,-2.39,0.159,0.045,+0.02,0.005,33.4,33.5
30618_e2dcf65f,#4,437.5,2000.36,2002.99,-2.62,0.131,0.049,-0.24,0.047,17.2,17.0
30618_e2dcf65f,#5,615.1,2500.78,2504.46,-3.67,0.147,0.069,-1.05,0.209,35.5,35.7
30618_e2dcf65f,#6,690.3,3000.16,3004.06,-3.90,0.130,0.073,-0.22,0.045,36.1,36.1
30618_e2dcf65f,#7,733.8,3500.98,3505.29,-4.31,0.123,0.081,-0.41,0.082,49.4,49.3
30618_e2dcf65f,#8,795.0,4000.68,4004.34,-3.67,0.092,0.069,+0.64,0.128,26.6,26.8
30618_e2dcf65f,#9,881.0,4500.18,4504.23,-4.04,0.090,0.076,-0.38,0.076,14.7,14.8
30618_e2dcf65f,#10,970.5,5000.96,5006.14,-5.18,0.103,0.097,-1.13,0.226,48.2,48.3
30618_e2dcf65f,#11,1059.4,5323.77,5328.33,-4.56,0.086,0.086,+0.62,0.192,0.0,0.1
30618_e3d94878,#1,263.9,500.11,501.85,-1.74,0.347,0.032,-1.74,0.347,35.7,35.7
30618_e3d94878,#2,330.1,1000.51,1002.59,-2.08,0.207,0.038,-0.34,0.068,45.6,45.6
30618_e3d94878,#3,450.9,1500.29,1502.36,-2.07,0.138,0.038,+0.01,0.002,35.9,36.1
30618_e3d94878,#4,533.7,2000.28,2001.93,-1.66,0.083,0.031,+0.41,0.083,12.0,11.8
30618_e3d94878,#5,660.5,2501.11,2503.71,-2.59,0.104,0.048,-0.94,0.187,37.9,38.3
30618_e3d94878,#6,704.0,3000.67,3003.03,-2.36,0.079,0.044,+0.24,0.047,36.0,36.1
30618_e3d94878,#7,747.4,3500.51,3503.01,-2.50,0.071,0.046,-0.14,0.029,48.3,48.3
30618_e3d94878,#8,809.8,4000.10,4001.72,-1.62,0.040,0.030,+0.88,0.177,29.8,30.0
30618_e3d94878,#9,872.0,4500.21,4501.93,-1.73,0.038,0.032,-0.11,0.022,21.6,21.8
30618_e3d94878,#10,1037.2,5000.03,5002.95,-2.92,0.058,0.054,-1.20,0.239,49.2,49.1
30618_e3d94878,#11,1171.4,5411.81,5414.34,-2.53,0.047,0.047,+0.40,0.096,0.0,0.1
30618_e9a34502,#1,221.0,500.32,502.35,-2.03,0.404,0.038,-2.03,0.404,36.9,37.1
30618_e9a34502,#2,306.8,1000.24,1002.91,-2.67,0.266,0.050,-0.64,0.128,45.8,45.7
30618_e9a34502,#3,423.8,1500.46,1503.49,-3.02,0.201,0.056,-0.35,0.071,35.3,35.4
30618_e9a34502,#4,535.0,2000.05,2002.95,-2.90,0.145,0.054,+0.13,0.025,4.5,4.7
30618_e9a34502,#5,643.8,2500.50,2504.01,-3.51,0.140,0.065,-0.61,0.122,18.9,19.0
30618_e9a34502,#6,729.0,3000.64,3005.20,-4.57,0.152,0.085,-1.06,0.211,39.4,39.5
30618_e9a34502,#7,766.7,3501.30,3506.28,-4.98,0.142,0.092,-0.41,0.082,48.2,48.3
30618_e9a34502,#8,811.9,4000.87,4005.55,-4.68,0.117,0.087,+0.29,0.059,36.7,36.8
30618_e9a34502,#9,908.4,4500.18,4504.82,-4.64,0.103,0.086,+0.04,0.009,14.4,14.2
30618_e9a34502,#10,1029.2,5001.75,5007.98,-6.23,0.124,0.116,-1.59,0.316,49.4,49.3
30618_e9a34502,#11,1203.7,5382.94,5389.53,-6.59,0.122,0.122,-0.36,0.094,10.9,10.9
30618_efb92709,#1,175.9,501.28,490.60,+10.68,2.178,0.195,+10.68,2.178,30.0,29.9
30618_efb92709,#2,351.7,1000.03,989.91,+10.12,1.022,0.185,-0.57,0.113,11.7,11.9
30618_efb92709,#3,414.3,1500.36,1491.43,+8.93,0.598,0.163,-1.19,0.238,14.6,14.4
30618_efb92709,#4,492.3,2001.00,1998.70,+2.30,0.115,0.042,-6.62,1.306,47.1,48.8
30618_efb92709,#5,563.3,2500.02,2495.73,+4.29,0.172,0.078,+1.99,0.400,14.2,14.2
30618_efb92709,#6,676.6,3000.05,2996.52,+3.53,0.118,0.064,-0.76,0.152,5.5,5.7
30618_efb92709,#7,762.2,3500.95,3498.66,+2.29,0.065,0.042,-1.24,0.247,29.9,29.9
30618_efb92709,#8,889.7,4000.91,3999.30,+1.61,0.040,0.029,-0.68,0.135,33.4,33.3
30618_efb92709,#9,1013.6,4500.23,4499.59,+0.64,0.014,0.012,-0.98,0.195,36.0,36.0
30618_efb92709,#10,1103.2,5000.28,4999.66,+0.62,0.012,0.011,-0.02,0.003,12.5,12.8
30618_efb92709,#11,1246.2,5470.77,5471.08,-0.31,0.006,0.006,-0.93,0.198,0.0,0.0
30618_f19a4ac3,#1,147.5,500.61,501.78,-1.17,0.233,0.022,-1.17,0.233,35.0,35.1
30618_f19a4ac3,#2,235.8,1000.08,1001.51,-1.44,0.144,0.027,-0.27,0.053,46.7,46.6
30618_f19a4ac3,#3,394.0,1500.12,1501.12,-1.00,0.067,0.018,+0.44,0.088,13.8,13.7
30618_f19a4ac3,#4,533.8,2000.29,2001.90,-1.61,0.080,0.030,-0.61,0.122,13.7,13.6
30618_f19a4ac3,#5,718.7,2500.03,2503.01,-2.99,0.119,0.055,-1.37,0.274,33.9,34.0
30618_f19a4ac3,#6,762.6,3000.76,3003.62,-2.85,0.095,0.053,+0.13,0.027,35.8,35.8
30618_f19a4ac3,#7,806.0,3500.48,3503.43,-2.94,0.084,0.054,-0.09,0.018,48.4,48.2
30618_f19a4ac3,#8,863.4,4000.04,4002.10,-2.05,0.051,0.038,+0.89,0.178,26.6,26.7
30618_f19a4ac3,#9,933.3,4500.36,4502.49,-2.13,0.047,0.039,-0.08,0.015,14.6,14.6
30618_f19a4ac3,#10,1089.7,5000.86,5004.40,-3.54,0.071,0.065,-1.41,0.281,49.0,49.1
30618_f19a4ac3,#11,1194.9,5414.53,5417.34,-2.80,0.052,0.052,+0.73,0.178,0.0,0.1
30618_f3a0694d,#1,244.9,500.90,503.71,-2.82,0.559,0.052,-2.82,0.559,34.4,34.5
30618_f3a0694d,#2,330.0,1000.86,1004.46,-3.60,0.358,0.066,-0.79,0.157,46.3,46.4
30618_f3a0694d,#3,429.6,1500.40,1504.42,-4.02,0.267,0.074,-0.42,0.084,33.5,33.7
30618_f3a0694d,#4,508.6,2000.43,2004.97,-4.54,0.227,0.084,-0.52,0.105,16.1,15.8
30618_f3a0694d,#5,697.8,2500.44,2506.76,-6.32,0.252,0.117,-1.78,0.355,33.4,33.6
30618_f3a0694d,#6,741.5,3000.16,3006.80,-6.64,0.221,0.123,-0.32,0.064,33.7,33.7
30618_f3a0694d,#7,823.5,3500.75,3508.32,-7.58,0.216,0.140,-0.93,0.186,50.3,50.3
30618_f3a0694d,#8,868.4,4001.22,4008.63,-7.41,0.185,0.137,+0.17,0.033,36.7,36.8
30618_f3a0694d,#9,942.1,4500.11,4507.81,-7.70,0.171,0.142,-0.29,0.058,14.4,14.5
30618_f3a0694d,#10,1046.7,5000.52,5009.68,-9.16,0.183,0.169,-1.46,0.291,48.8,48.7
30618_f3a0694d,#11,1221.8,5412.77,5422.66,-9.89,0.182,0.182,-0.73,0.176,0.0,0.1
30618_f3b8c99b,#1,143.0,500.33,501.92,-1.59,0.317,0.029,-1.59,0.317,22.3,22.4
30618_f3b8c99b,#2,210.0,1000.84,1003.84,-3.00,0.299,0.055,-1.40,0.280,45.6,45.6
30618_f3b8c99b,#3,303.3,1500.63,1503.47,-2.84,0.189,0.052,+0.16,0.032,24.7,24.8
30618_f3b8c99b,#4,421.4,2000.39,2004.41,-4.01,0.200,0.074,-1.18,0.235,23.5,23.6
30618_f3b8c99b,#5,512.5,2500.31,2504.83,-4.53,0.181,0.083,-0.51,0.103,28.3,28.5
30618_f3b8c99b,#6,593.7,3000.78,3006.00,-5.22,0.174,0.096,-0.69,0.138,33.7,33.9
30618_f3b8c99b,#7,663.0,3500.30,3506.38,-6.08,0.173,0.112,-0.86,0.172,50.0,50.0
30618_f3b8c99b,#8,706.9,4000.55,4006.41,-5.86,0.146,0.108,+0.22,0.044,36.2,36.3
30618_f3b8c99b,#9,795.6,4500.13,4506.37,-6.24,0.138,0.115,-0.38,0.076,9.2,9.3
30618_f3b8c99b,#10,942.8,5000.67,5008.76,-8.09,0.162,0.149,-1.86,0.369,46.5,46.7
30618_f3b8c99b,#11,1075.2,5427.51,5436.04,-8.53,0.157,0.157,-0.43,0.102,0.0,0.1
30639_0ab96c59,#1,54.8,1.65,1.87,-0.22,11.876,11.132,-0.22,11.876,0.0,0.2
30639_0be558e2,#1,287.2,500.54,506.23,-5.69,1.124,0.103,-5.69,1.124,32.3,32.1
30639_0be558e2,#2,444.0,1000.18,1008.11,-7.93,0.787,0.143,-2.24,0.447,16.7,16.7
30639_0be558e2,#3,509.2,1500.00,1509.76,-9.75,0.646,0.176,-1.82,0.363,6.3,6.2
30639_0be558e2,#4,572.1,2000.05,2012.96,-12.91,0.642,0.233,-3.16,0.628,49.7,50.0
30639_0be558e2,#5,612.2,2500.27,2514.17,-13.90,0.553,0.251,-0.99,0.197,28.6,28.8
30639_0be558e2,#6,731.6,3000.10,3015.77,-15.68,0.520,0.283,-1.78,0.354,16.1,16.2
30639_0be558e2,#7,857.0,3500.09,3518.10,-18.00,0.512,0.325,-2.32,0.463,18.0,17.8
30639_0be558e2,#8,980.5,4000.06,4020.89,-20.84,0.518,0.376,-2.83,0.564,30.7,30.7
30639_0be558e2,#9,1078.9,4500.08,4522.09,-22.01,0.487,0.397,-1.17,0.234,32.4,32.3
30639_0be558e2,#10,1176.6,5000.32,5025.26,-24.94,0.496,0.450,-2.93,0.583,21.5,21.7
30639_0be558e2,#11,1284.5,5500.25,5527.59,-27.34,0.495,0.493,-2.40,0.478,16.6,16.6
30639_253671cc,#1,144.1,500.59,499.38,+1.21,0.243,0.023,+1.21,0.243,32.6,32.1
30639_253671cc,#2,306.1,1000.04,996.55,+3.49,0.350,0.066,+2.27,0.457,10.3,10.3
30639_253671cc,#3,396.3,1500.01,1493.99,+6.03,0.403,0.115,+2.54,0.510,16.8,16.6
30639_253671cc,#4,485.2,2000.49,1992.35,+8.14,0.409,0.155,+2.12,0.425,40.3,40.1
30639_253671cc,#5,528.5,2500.30,2488.79,+11.51,0.462,0.219,+3.36,0.678,35.7,35.3
30639_253671cc,#6,598.8,3000.42,2985.58,+14.84,0.497,0.283,+3.33,0.671,15.4,15.2
30639_253671cc,#7,741.5,3500.31,3483.92,+16.40,0.471,0.313,+1.56,0.312,30.3,30.3
30639_253671cc,#8,862.1,4000.80,3981.88,+18.93,0.475,0.361,+2.53,0.509,33.4,33.4
30639_253671cc,#9,960.7,4500.86,4479.44,+21.42,0.478,0.408,+2.49,0.500,40.2,39.9
30639_253671cc,#10,1028.8,5000.18,4975.38,+24.80,0.498,0.473,+3.39,0.683,24.0,23.8
30639_253671cc,#11,1081.2,5272.32,5245.15,+27.16,0.518,0.518,+2.36,0.876,0.0,0.2
30639_2b4a6347,#1,148.9,500.26,505.23,-4.97,0.983,0.092,-4.97,0.983,30.9,31.1
30639_2b4a6347,#2,235.1,1000.22,1005.86,-5.63,0.560,0.104,-0.67,0.133,44.8,44.9
30639_2b4a6347,#3,391.6,1500.45,1507.98,-7.53,0.500,0.139,-1.90,0.379,35.8,35.8
30639_2b4a6347,#4,504.2,2000.14,2009.01,-8.87,0.441,0.164,-1.33,0.266,7.6,7.8
30639_2b4a6347,#5,726.2,2501.10,2512.52,-11.42,0.455,0.211,-2.55,0.507,35.7,36.0
30639_2b4a6347,#6,772.0,3001.21,3013.93,-12.73,0.422,0.235,-1.30,0.260,39.7,39.7
30639_2b4a6347,#7,815.1,3500.52,3514.27,-13.76,0.391,0.254,-1.03,0.206,38.3,38.3
30639_2b4a6347,#8,862.2,4000.19,4015.13,-14.95,0.372,0.276,-1.19,0.237,36.5,36.7
30639_2b4a6347,#9,941.2,4500.17,4516.43,-16.26,0.360,0.301,-1.32,0.262,20.6,20.8
30639_2b4a6347,#10,1014.2,5000.05,5018.18,-18.13,0.361,0.335,-1.87,0.373,50.4,50.6
30639_2b4a6347,#11,1111.0,5390.33,5409.17,-18.83,0.348,0.348,-0.70,0.179,0.0,0.1
30639_3b3d9eb8,#1,148.1,500.46,496.67,+3.79,0.762,0.070,+3.79,0.762,32.6,32.1
30639_3b3d9eb8,#2,306.0,1000.05,990.84,+9.22,0.930,0.169,+5.43,1.099,9.5,9.5
30639_3b3d9eb8,#3,436.8,1500.31,1598.73,-98.42,6.156,1.808,-107.64,17.707,12.8,25.3
30639_3b3d9eb8,#4,517.6,2000.36,2321.75,-321.38,13.842,5.904,-222.96,30.837,37.5,37.0
30639_3b3d9eb8,#5,565.4,2500.64,2816.55,-315.91,11.216,5.804,+5.47,1.106,34.7,34.1
30639_3b3d9eb8,#6,723.2,3002.13,3307.62,-305.49,9.236,5.612,+10.42,2.121,39.6,38.7
30639_3b3d9eb8,#7,864.3,3500.95,3811.40,-310.45,8.145,5.703,-4.96,0.984,39.2,38.8
30639_3b3d9eb8,#8,933.9,4000.29,4304.95,-304.65,7.077,5.597,+5.80,1.175,18.6,18.4
30639_3b3d9eb8,#9,1045.9,4500.21,4800.55,-300.34,6.256,5.518,+4.31,0.870,32.3,31.7
30639_3b3d9eb8,#10,1136.1,5000.32,5295.28,-294.96,5.570,5.419,+5.38,1.088,17.0,16.8
30639_3b3d9eb8,#11,1219.6,5148.79,5443.20,-294.41,5.409,5.409,+0.56,0.375,0.3,0.0
30639_4285f2bc,#1,227.4,500.11,575.60,-75.49,13.115,1.380,-75.49,13.115,6.5,6.9
30639_4285f2bc,#2,373.1,1000.57,1078.53,-77.96,7.228,1.425,-2.47,0.491,24.6,24.6
30639_4285f2bc,#3,440.0,1500.12,1580.61,-80.48,5.092,1.471,-2.52,0.503,35.5,35.6
30639_4285f2bc,#4,491.3,2001.09,2083.44,-82.34,3.952,1.505,-1.86,0.370,51.7,51.9
30639_4285f2bc,#5,534.8,2500.29,2583.59,-83.30,3.224,1.522,-0.96,0.191,31.2,31.4
30639_4285f2bc,#6,684.2,3000.13,3079.44,-79.31,2.576,1.450,+3.99,0.805,40.3,40.3
30639_4285f2bc,#7,863.6,3500.26,3579.46,-79.20,2.213,1.447,+0.11,0.022,9.2,9.2
30639_4285f2bc,#8,969.7,4000.10,4081.20,-81.10,1.987,1.482,-1.90,0.379,16.5,16.4
30639_4285f2bc,#9,1066.1,4500.33,4583.31,-82.98,1.811,1.517,-1.88,0.374,15.8,16.0
30639_4285f2bc,#10,1147.8,5000.65,5086.16,-85.50,1.681,1.563,-2.52,0.501,41.2,41.4
30639_4285f2bc,#11,1304.6,5384.93,5471.60,-86.67,1.584,1.584,-1.17,0.303,0.0,0.1
30639_44226bde,#1,151.2,501.08,522.03,-20.94,4.012,0.387,-20.94,4.012,37.9,37.7
30639_44226bde,#2,215.9,1002.45,1020.45,-18.01,1.765,0.333,+2.94,0.589,43.4,42.8
30639_44226bde,#3,387.7,1500.49,1515.20,-14.70,0.970,0.272,+3.30,0.668,16.2,16.5
30639_44226bde,#4,482.8,2000.21,2012.77,-12.56,0.624,0.232,+2.15,0.432,12.0,12.0
30639_44226bde,#5,556.4,2500.22,2510.65,-10.43,0.415,0.193,+2.13,0.428,40.6,40.3
30639_44226bde,#6,601.4,3000.38,3007.79,-7.41,0.246,0.137,+3.02,0.608,40.5,40.2
30639_44226bde,#7,644.4,3500.57,3504.96,-4.39,0.125,0.081,+3.02,0.607,44.3,43.8
30639_44226bde,#8,716.1,4000.11,4000.17,-0.06,0.002,0.001,+4.33,0.874,5.2,5.1
30639_44226bde,#9,826.9,4500.18,4498.03,+2.15,0.048,0.040,+2.21,0.444,15.0,14.7
30639_44226bde,#10,951.7,5000.07,4996.54,+3.54,0.071,0.065,+1.39,0.278,31.0,30.7
30639_44226bde,#11,1084.4,5416.40,5411.04,+5.36,0.099,0.099,+1.82,0.439,0.4,0.2
30639_50956d6e,#1,115.4,500.27,500.45,-0.17,0.035,0.003,-0.17,0.035,31.4,31.4
30639_50956d6e,#2,267.7,1000.21,1002.14,-1.92,0.192,0.035,-1.75,0.348,16.1,16.2
30639_50956d6e,#3,331.6,1500.24,1503.12,-2.88,0.192,0.053,-0.96,0.191,9.9,9.8
30639_50956d6e,#4,395.6,2001.16,2007.10,-5.94,0.296,0.108,-3.06,0.607,49.5,49.7
30639_50956d6e,#5,435.5,2500.64,2506.81,-6.17,0.246,0.113,-0.22,0.045,29.6,29.6
30639_50956d6e,#6,522.9,3000.35,3008.05,-7.70,0.256,0.141,-1.53,0.306,14.1,14.2
30639_50956d6e,#7,631.6,3500.22,3510.24,-10.02,0.285,0.183,-2.32,0.462,27.3,27.2
30639_50956d6e,#8,736.4,4000.33,4013.04,-12.71,0.317,0.232,-2.69,0.534,32.9,32.8
30639_50956d6e,#9,845.9,4500.83,4516.05,-15.22,0.337,0.278,-2.52,0.500,32.5,32.5
30639_50956d6e,#10,950.5,5000.05,5017.61,-17.56,0.350,0.321,-2.33,0.465,19.4,19.7
30639_50956d6e,#11,1104.2,5454.82,5477.36,-22.54,0.411,0.411,-4.98,1.084,0.0,0.1
30639_584b6e32,#1,116.3,500.13,503.60,-3.47,0.689,0.063,-3.47,0.689,23.5,23.3
30639_584b6e32,#2,268.0,1000.40,1006.68,-6.27,0.623,0.115,-2.80,0.557,16.5,16.7
30639_584b6e32,#3,332.8,1500.21,1508.33,-8.12,0.538,0.148,-1.85,0.368,8.0,7.9
30639_584b6e32,#4,396.9,2001.35,2012.37,-11.02,0.547,0.201,-2.89,0.574,49.4,49.7
30639_584b6e32,#5,437.1,2500.47,2512.26,-11.79,0.469,0.216,-0.78,0.155,28.6,28.8
30639_584b6e32,#6,548.7,3000.31,3013.89,-13.57,0.450,0.248,-1.78,0.355,14.7,14.9
30639_584b6e32,#7,651.1,3500.67,3515.89,-15.22,0.433,0.278,-1.65,0.328,25.8,25.8
30639_584b6e32,#8,779.8,4000.39,4017.27,-16.87,0.420,0.308,-1.65,0.330,30.0,30.0
30639_584b6e32,#9,849.5,4500.36,4519.37,-19.01,0.421,0.348,-2.14,0.425,32.6,32.5
30639_584b6e32,#10,934.1,5000.13,5021.81,-21.68,0.432,0.396,-2.67,0.532,21.1,21.5
30639_584b6e32,#11,1138.4,5438.49,5469.71,-31.21,0.571,0.571,-9.53,2.128,0.0,0.0
30639_92226df0,#1,148.7,500.01,495.88,+4.13,0.832,0.076,+4.13,0.832,28.2,28.2
30639_92226df0,#2,229.0,1000.46,993.02,+7.44,0.750,0.137,+3.32,0.667,44.8,44.3
30639_92226df0,#3,374.5,1500.07,1487.76,+12.31,0.827,0.227,+4.86,0.983,24.3,24.2
30639_92226df0,#4,480.5,2000.03,1983.34,+16.69,0.842,0.308,+4.38,0.885,6.7,6.4
30639_92226df0,#5,633.2,2500.38,2478.99,+21.39,0.863,0.394,+4.70,0.947,23.6,23.6
30639_92226df0,#6,678.8,3000.39,2974.32,+26.07,0.877,0.481,+4.69,0.946,30.7,30.6
30639_92226df0,#7,722.8,3500.39,3469.88,+30.51,0.879,0.563,+4.44,0.895,40.9,40.6
30639_92226df0,#8,777.2,4000.69,3964.86,+35.83,0.904,0.661,+5.32,1.075,25.1,24.7
30639_92226df0,#9,884.0,4500.10,4459.54,+40.56,0.909,0.748,+4.72,0.955,14.2,14.0
30639_92226df0,#10,1065.2,5000.22,4957.56,+42.66,0.860,0.787,+2.10,0.422,36.1,35.9
30639_92226df0,#11,1216.8,5468.45,5422.67,+45.78,0.844,0.844,+3.12,0.671,0.0,0.1
30639_927002c2,#1,146.8,500.35,503.91,-3.55,0.705,0.066,-3.55,0.705,37.6,37.4
30639_927002c2,#2,212.2,1001.60,1005.71,-4.11,0.409,0.076,-0.56,0.112,40.8,40.7
30639_927002c2,#3,366.3,1500.32,1572.56,-72.24,4.594,1.341,-68.13,12.019,19.7,19.9
30639_927002c2,#4,508.0,2000.43,2075.77,-75.34,3.629,1.398,-3.10,0.615,35.8,36.0
30639_927002c2,#5,613.0,2501.03,2578.52,-77.50,3.005,1.438,-2.16,0.429,52.4,52.6
30639_927002c2,#6,658.7,3000.23,3079.12,-78.89,2.562,1.464,-1.40,0.279,48.9,49.0
30639_927002c2,#7,702.0,3500.92,3581.13,-80.21,2.240,1.488,-1.31,0.262,46.3,46.4
30639_927002c2,#8,749.9,4000.77,4082.59,-81.82,2.004,1.518,-1.62,0.322,36.2,36.3
30639_927002c2,#9,922.6,4500.13,4587.79,-87.66,1.911,1.627,-5.83,1.155,6.4,13.0
30639_927002c2,#10,1006.9,5000.93,5104.95,-104.02,2.038,1.930,-16.36,3.163,28.9,29.0
30639_927002c2,#11,1144.5,5284.17,5389.16,-104.99,1.948,1.948,-0.97,0.342,0.7,0.7
30639_9c362687,#1,175.0,501.06,500.02,+1.04,0.207,0.019,+1.04,0.207,36.7,36.5
30639_9c362687,#2,240.3,1000.38,996.16,+4.22,0.423,0.078,+3.18,0.641,45.4,45.0
30639_9c362687,#3,422.9,1501.23,1494.00,+7.23,0.484,0.134,+3.01,0.605,31.1,31.2
30639_9c362687,#4,521.1,2000.04,1989.89,+10.15,0.510,0.188,+2.92,0.589,16.0,15.8
30639_9c362687,#5,652.1,2500.47,2487.78,+12.69,0.510,0.234,+2.54,0.510,34.5,34.3
30639_9c362687,#6,700.0,3000.15,2983.47,+16.67,0.559,0.308,+3.99,0.804,19.7,19.5
30639_9c362687,#7,765.1,3500.04,3480.66,+19.38,0.557,0.358,+2.70,0.544,43.5,43.3
30639_9c362687,#8,865.0,4000.08,3975.69,+24.38,0.613,0.451,+5.01,1.011,5.6,5.6
30639_9c362687,#9,1026.5,4500.26,4473.17,+27.09,0.606,0.501,+2.71,0.544,10.6,10.7
30639_9c362687,#10,1148.8,5000.60,4971.80,+28.80,0.579,0.532,+1.71,0.342,32.3,32.0
30639_9c362687,#11,1359.0,5440.61,5411.73,+28.88,0.534,0.534,+0.08,0.018,0.0,0.0
30639_9f0b519f,#1,174.0,500.16,503.47,-3.31,0.658,0.061,-3.31,0.658,37.0,37.2
30639_9f0b519f,#2,240.7,1000.54,1005.46,-4.92,0.490,0.091,-1.61,0.321,40.7,40.7
30639_9f0b519f,#3,375.3,1500.03,1506.51,-6.48,0.430,0.120,-1.55,0.309,21.8,22.0
30639_9f0b519f,#4,515.1,2000.33,2018.38,-18.04,0.894,0.335,-11.57,2.260,24.8,25.0
30639_9f0b519f,#5,633.1,2500.50,2520.69,-20.19,0.801,0.375,-2.14,0.427,46.7,46.7
30639_9f0b519f,#6,679.4,3000.35,3021.65,-21.30,0.705,0.395,-1.11,0.221,42.4,42.6
30639_9f0b519f,#7,722.7,3500.99,3523.50,-22.51,0.639,0.418,-1.21,0.242,40.7,40.7
30639_9f0b519f,#8,769.5,4000.17,4023.96,-23.79,0.591,0.441,-1.28,0.255,36.2,36.3
30639_9f0b519f,#9,849.0,4500.63,4525.51,-24.88,0.550,0.462,-1.09,0.217,15.1,14.8
30639_9f0b519f,#10,919.3,5001.16,5028.48,-27.32,0.543,0.507,-2.44,0.486,44.0,43.9
30639_9f0b519f,#11,1030.4,5361.30,5389.54,-28.23,0.524,0.524,-0.91,0.253,0.0,0.1
30639_c31df386,#1,152.8,500.86,526.91,-26.05,4.944,0.479,-26.05,4.944,37.6,37.2
30639_c31df386,#2,218.3,1000.54,1021.90,-21.36,2.090,0.393,+4.69,0.948,42.9,42.3
30639_c31df386,#3,519.5,1500.39,1517.74,-17.34,1.143,0.319,+4.01,0.809,10.2,10.6
30639_c31df386,#4,603.9,2000.13,2013.34,-13.21,0.656,0.243,+4.13,0.834,7.1,6.8
30639_c31df386,#5,716.3,2500.31,2510.10,-9.79,0.390,0.180,+3.43,0.690,23.2,23.0
30639_c31df386,#6,805.9,3000.59,3006.16,-5.58,0.186,0.103,+4.21,0.849,33.9,33.2
30639_c31df386,#7,856.6,3501.22,3502.56,-1.34,0.038,0.025,+4.24,0.853,44.5,44.0
30639_c31df386,#8,919.8,4000.13,3996.04,+4.10,0.103,0.075,+5.44,1.102,6.1,6.0
30639_c31df386,#9,1044.1,4500.22,4492.84,+7.38,0.164,0.136,+3.28,0.661,14.8,14.8
30639_c31df386,#10,1142.8,5000.05,4988.57,+11.48,0.230,0.211,+4.10,0.827,20.8,20.7
30639_c31df386,#11,1361.5,5446.76,5433.50,+13.26,0.244,0.244,+1.78,0.400,0.0,0.1
30639_d3c43d69,#1,175.6,500.70,500.49,+0.20,0.041,0.004,+0.20,0.041,27.8,27.5
30639_d3c43d69,#2,326.1,1000.12,997.94,+2.18,0.219,0.042,+1.98,0.398,11.5,11.6
30639_d3c43d69,#3,416.8,1500.65,1496.65,+4.00,0.267,0.077,+1.81,0.363,16.0,15.8
30639_d3c43d69,#4,493.1,2000.92,1995.31,+5.62,0.282,0.108,+1.62,0.325,40.9,40.8
30639_d3c43d69,#5,536.4,2500.20,2491.69,+8.51,0.342,0.163,+2.89,0.583,35.1,34.7
30639_d3c43d69,#6,614.0,3000.19,2988.60,+11.59,0.388,0.222,+3.08,0.620,14.4,14.2
30639_d3c43d69,#7,762.8,3500.88,3487.75,+13.13,0.376,0.252,+1.54,0.308,31.4,31.1
30639_d3c43d69,#8,889.0,4001.54,3983.70,+17.84,0.448,0.342,+4.72,0.951,34.0,33.9
30639_d3c43d69,#9,985.0,4500.63,4481.04,+19.59,0.437,0.375,+1.75,0.351,40.4,40.1
30639_d3c43d69,#10,1053.3,5000.54,4977.69,+22.85,0.459,0.438,+3.26,0.655,17.7,17.5
30639_d3c43d69,#11,1097.4,5242.89,5218.30,+24.59,0.471,0.471,+1.75,0.726,0.0,0.0
30639_d601d28f,#1,137.7,500.11,492.86,+7.25,1.471,0.134,+7.25,1.471,14.8,14.7
30639_d601d28f,#2,205.7,1001.54,986.00,+15.54,1.576,0.287,+8.29,1.681,44.8,44.0
30639_d601d28f,#3,282.0,1500.49,1476.00,+24.49,1.659,0.453,+8.95,1.826,21.9,21.9
30639_d601d28f,#4,360.4,2000.01,1967.48,+32.53,1.654,0.601,+8.04,1.636,29.6,28.9
30639_d601d28f,#5,480.8,2500.09,2458.95,+41.14,1.673,0.760,+8.61,1.752,3.8,4.1
30639_d601d28f,#6,529.2,3000.45,2951.74,+48.71,1.650,0.900,+7.57,1.535,30.2,29.8
30639_d601d28f,#7,574.7,3500.39,3436.91,+63.48,1.847,1.173,+14.77,3.045,39.9,39.5
30639_d601d28f,#8,627.4,4000.80,3927.81,+72.99,1.858,1.349,+9.51,1.937,25.8,25.5
30639_d601d28f,#9,736.8,4500.35,4417.79,+82.57,1.869,1.526,+9.58,1.955,14.5,14.3
30639_d601d28f,#10,875.6,5001.62,4913.59,+88.04,1.792,1.627,+5.47,1.104,34.1,33.7
30639_d601d28f,#11,1000.9,5500.22,5405.97,+94.25,1.743,1.742,+6.21,1.261,8.3,8.3
30639_d927f360,#1,159.1,500.22,503.21,-2.99,0.594,0.055,-2.99,0.594,37.5,37.7
30639_d927f360,#2,225.2,1000.06,1004.58,-4.53,0.451,0.084,-1.54,0.307,44.9,45.0
30639_d927f360,#3,403.6,1500.04,1601.71,-101.67,6.348,1.882,-97.14,16.269,23.6,23.7
30639_d927f360,#4,534.4,2000.22,2102.71,-102.49,4.874,1.897,-0.81,0.163,31.7,31.8
30639_d927f360,#5,613.8,2500.86,2605.31,-104.45,4.009,1.933,-1.96,0.390,50.4,50.8
30639_d927f360,#6,660.6,3001.32,3106.79,-105.46,3.395,1.952,-1.01,0.202,47.8,48.0
30639_d927f360,#7,704.3,3501.17,3607.59,-106.42,2.950,1.970,-0.96,0.191,46.9,47.1
30639_d927f360,#8,752.3,4000.02,4107.46,-107.44,2.616,1.988,-1.02,0.204,35.3,35.3
30639_d927f360,#9,846.4,4500.42,4609.37,-108.95,2.364,2.016,-1.51,0.301,30.5,30.7
30639_d927f360,#10,918.2,5000.46,5110.64,-110.18,2.156,2.039,-1.23,0.245,28.6,28.5
30639_d927f360,#11,1092.2,5275.72,5403.21,-127.50,2.360,2.360,-17.32,5.920,0.0,0.1
30639_dce52be4,#1,163.0,500.16,497.90,+2.26,0.455,0.044,+2.26,0.455,25.2,25.0
30639_dce52be4,#2,319.3,1000.14,994.41,+5.73,0.576,0.111,+3.46,0.698,14.3,14.2
30639_dce52be4,#3,416.9,1500.01,1490.00,+10.01,0.672,0.193,+4.28,0.864,6.2,6.2
30639_dce52be4,#4,485.2,2000.24,1986.80,+13.44,0.676,0.260,+3.43,0.690,42.5,42.1
30639_dce52be4,#5,562.7,2500.11,2482.32,+17.79,0.717,0.344,+4.35,0.878,30.4,30.5
30639_dce52be4,#6,615.1,3000.03,2976.97,+23.07,0.775,0.446,+5.28,1.067,6.7,6.5
30639_dce52be4,#7,776.4,3500.68,3475.03,+25.65,0.738,0.496,+2.58,0.519,30.8,30.6
30639_dce52be4,#8,919.3,4000.29,3950.72,+49.57,1.255,0.957,+23.91,5.027,34.6,34.4
30639_dce52be4,#9,1032.3,4500.22,4445.83,+54.39,1.223,1.051,+4.82,0.974,39.8,39.3
30639_dce52be4,#10,1103.8,5000.27,4940.51,+59.77,1.210,1.155,+5.38,1.087,16.1,15.8
30639_dce52be4,#11,1148.3,5239.04,5176.59,+62.45,1.206,1.206,+2.69,1.138,0.4,0.2
