bag_id,vehicle,duration_sec,has_gnss,r_filt_m,r_gnss_m,filt_diff_m,filt_abs_diff_m,filt_rel_err_pct,filt_max_err_m,filt_max_rel_total_pct,filt_mae_dist_m,filt_rmse_dist_m,filt_mae_vel_kmh,r_base_m,base_diff_m,base_rel_err_pct,base_max_err_m,base_max_rel_total_pct,zero_v1_count,zero_v2_count,spike_v1_count,spike_v2_count,excessive_diff_count,total_faults
30618_0652866c,30618,1464.3,YES,5626.50,5641.29,-14.79,14.79,0.262,15.22,0.270,7.68,8.47,0.09,5626.50,-14.79,0.262,15.22,0.270,0,0,0,0,0,0
30618_073f08d1,30618,1275.3,YES,5416.96,5423.22,-6.27,6.27,0.116,6.41,0.118,3.22,3.55,0.07,5416.96,-6.27,0.116,6.41,0.118,0,0,0,0,0,0
30618_082f1d65,30618,22.9,YES,0.10,0.44,-0.33,0.33,76.401,0.34,76.462,0.14,0.17,0.06,0.10,-0.33,76.401,0.34,76.462,0,0,0,0,0,0
30618_095a115b,30618,1325.1,YES,5433.43,5440.70,-7.27,7.27,0.134,7.27,0.134,3.95,4.31,0.08,5433.43,-7.27,0.134,7.27,0.134,0,0,0,0,0,0
30618_0d865417,30618,15.1,YES,1.90,1.99,-0.09,0.09,4.724,0.19,9.726,0.05,0.07,0.05,1.90,-0.09,4.724,0.19,9.726,0,0,0,0,0,0
30618_0e41eac3,30618,1326.3,YES,5332.87,5339.57,-6.71,6.71,0.126,7.90,0.148,4.36,4.74,0.08,5332.87,-6.71,0.126,7.90,0.148,0,0,0,0,0,0
30618_0f120b35,30618,1321.6,YES,5407.70,5412.41,-4.71,4.71,0.087,4.80,0.089,2.31,2.54,0.07,5407.70,-4.71,0.087,4.80,0.089,0,0,0,0,0,0
30618_1551d0a9,30618,4.9,YES,0.00,0.01,-0.01,0.01,0.000,0.01,0.000,0.00,0.00,0.01,0.00,-0.01,0.000,0.01,0.000,0,0,0,0,0,0
30618_1cc230fa,30618,1315.0,YES,5461.98,5473.72,-11.74,11.74,0.214,12.17,0.222,6.33,7.29,0.09,5461.98,-11.74,0.214,12.17,0.222,0,0,0,0,0,0
30618_2050d396,30618,1343.0,YES,5357.04,5367.01,-9.97,9.97,0.186,9.97,0.186,5.34,6.13,0.07,5353.37,-13.64,0.254,13.64,0.254,0,0,2,23,38,63
30618_21dd3af3,30618,1078.0,YES,5427.51,5436.07,-8.56,8.56,0.157,8.66,0.159,4.60,5.14,0.09,5427.51,-8.56,0.157,8.66,0.159,0,0,0,0,0,0
30618_22c1c589,30618,1156.0,YES,5415.85,5421.24,-5.39,5.39,0.099,5.55,0.102,2.59,2.97,0.07,5415.85,-5.39,0.099,5.55,0.102,0,0,0,0,0,0
30618_2366c74a,30618,1084.3,YES,4551.91,4559.35,-7.44,7.44,0.163,9.39,0.206,4.17,4.68,0.10,4551.91,-7.44,0.163,9.39,0.206,0,0,0,0,0,0
30618_28538acf,30618,1291.4,YES,5453.08,5463.33,-10.25,10.25,0.188,10.55,0.193,6.59,7.05,0.15,5453.08,-10.25,0.188,10.55,0.193,0,0,0,0,0,0
30618_2cb9ce37,30618,750.1,YES,3959.20,3966.14,-6.93,6.93,0.175,7.07,0.178,3.58,3.98,0.08,3959.20,-6.93,0.175,7.07,0.178,0,0,0,0,0,0
30618_2dbce472,30618,1372.7,YES,5428.55,5433.76,-5.20,5.20,0.096,5.34,0.098,2.21,2.68,0.10,5428.55,-5.20,0.096,5.34,0.098,0,0,0,0,0,0
30618_2f104a1d,30618,1251.9,YES,5407.67,5411.44,-3.76,3.76,0.070,4.38,0.081,2.33,2.58,0.07,5407.67,-3.76,0.070,4.38,0.081,0,0,0,0,0,0
30618_33bec73f,30618,1179.9,YES,5368.53,5373.09,-4.56,4.56,0.085,4.66,0.087,1.75,2.12,0.08,5371.54,-1.55,0.029,4.50,0.084,0,0,1,27,42,70
30618_3b36e5cd,30618,1259.2,YES,5428.41,5441.54,-13.13,13.13,0.241,13.23,0.243,7.16,8.13,0.09,5428.41,-13.13,0.241,13.23,0.243,0,0,0,0,0,0
30618_3e9f4952,30618,1322.7,YES,5459.84,5468.28,-8.44,8.44,0.154,8.76,0.160,4.77,5.38,0.07,5459.84,-8.44,0.154,8.76,0.160,0,0,0,0,0,0
30618_40ffd323,30618,1281.4,YES,5470.18,5471.35,-1.17,1.17,0.021,16.64,0.304,3.61,5.19,0.22,5470.77,-0.57,0.011,17.24,0.315,0,0,5,1,4,10
30618_437e855c,30618,1150.3,YES,5425.80,5437.37,-11.57,11.57,0.213,11.57,0.213,6.33,7.09,0.08,5425.80,-11.57,0.213,11.57,0.213,0,0,0,0,0,0
30618_45ff6f99,30618,16.8,YES,0.00,0.06,-0.06,0.06,100.000,0.06,100.000,0.04,0.04,0.01,0.00,-0.06,100.000,0.06,100.000,0,0,0,0,0,0
30618_5eb8d2c9,30618,750.1,YES,3959.20,3966.14,-6.93,6.93,0.175,7.07,0.178,3.58,3.98,0.08,3959.20,-6.93,0.175,7.07,0.178,0,0,0,0,0,0
30618_67b89902,30618,985.6,YES,5384.12,5388.68,-4.56,4.56,0.085,4.74,0.088,2.42,2.72,0.07,5384.12,-4.56,0.085,4.74,0.088,0,0,0,0,0,0
30618_68847170,30618,1214.2,YES,5405.13,5410.08,-4.95,4.95,0.091,5.06,0.094,1.82,2.17,0.08,5405.13,-4.95,0.091,5.06,0.094,0,0,0,0,0,0
30618_6cb3280a,30618,1227.7,YES,5412.77,5422.74,-9.97,9.97,0.184,10.04,0.185,5.06,5.75,0.08,5412.77,-9.97,0.184,10.04,0.185,0,0,0,0,0,0
30618_748832b9,30618,1115.6,YES,5409.95,5421.64,-11.69,11.69,0.216,11.80,0.218,4.65,5.39,0.10,5409.95,-11.69,0.216,11.80,0.218,0,0,0,0,0,0
30618_76e1f9c7,30618,1298.9,YES,5461.23,5466.77,-5.54,5.54,0.101,5.57,0.102,3.07,3.34,0.08,5461.23,-5.54,0.101,5.57,0.102,0,0,0,0,0,0
30618_7849303f,30618,1115.6,YES,5409.95,5421.64,-11.69,11.69,0.216,11.80,0.218,4.65,5.39,0.10,5409.95,-11.69,0.216,11.80,0.218,0,0,0,0,0,0
30618_7b4d83f4,30618,1160.5,YES,5416.77,5419.18,-2.41,2.41,0.044,3.10,0.057,1.62,1.73,0.08,5416.77,-2.41,0.044,3.10,0.057,0,0,0,0,0,0
30618_8158f0b0,30618,1184.7,YES,5512.33,5523.86,-11.53,11.53,0.209,12.15,0.220,6.35,6.98,0.09,5512.33,-11.53,0.209,12.15,0.220,0,0,0,0,0,0
30618_87afe526,30618,1219.2,YES,5438.64,5444.67,-6.03,6.03,0.111,6.62,0.122,3.84,4.20,0.09,5438.64,-6.03,0.111,6.62,0.122,0,0,0,0,0,0
30618_88548b02,30618,1255.6,YES,5333.79,5374.17,-40.38,40.38,0.751,40.42,0.752,19.15,22.62,0.13,5333.79,-40.38,0.751,40.42,0.752,0,0,0,0,0,0
30618_93dc866e,30618,1084.3,YES,4551.91,4559.35,-7.44,7.44,0.163,9.39,0.206,4.17,4.68,0.10,4551.91,-7.44,0.163,9.39,0.206,0,0,0,0,0,0
30618_98161270,30618,42.4,YES,0.00,0.16,-0.16,0.16,100.000,0.16,100.000,0.09,0.10,0.01,0.00,-0.16,100.000,0.16,100.000,0,0,0,0,0,0
30618_9c09b081,30618,1332.2,YES,5470.01,5482.71,-12.69,12.69,0.232,13.12,0.239,7.47,8.09,0.08,5470.01,-12.69,0.232,13.12,0.239,0,0,0,0,0,0
30618_a395846d,30618,1315.0,YES,5461.98,5473.72,-11.74,11.74,0.214,12.17,0.222,6.33,7.29,0.09,5461.98,-11.74,0.214,12.17,0.222,0,0,0,0,0,0
30618_a53d5f6f,30618,1212.5,YES,5431.24,5447.07,-15.84,15.84,0.291,15.89,0.292,6.64,8.46,0.10,5431.24,-15.84,0.291,15.89,0.292,0,0,0,0,0,0
30618_a869780d,30618,1086.3,YES,5300.64,5308.01,-7.37,7.37,0.139,7.37,0.139,3.09,3.58,0.08,5300.64,-7.37,0.139,7.37,0.139,0,0,0,0,0,0
30618_ab5921a4,30618,1155.3,YES,5454.43,5464.06,-9.63,9.63,0.176,9.93,0.182,5.96,6.39,0.09,5454.43,-9.63,0.176,9.93,0.182,0,0,0,0,0,0
30618_ae4eb346,30618,1259.2,YES,5428.41,5441.54,-13.13,13.13,0.241,13.23,0.243,7.16,8.13,0.09,5428.41,-13.13,0.241,13.23,0.243,0,0,0,0,0,0
30618_af7496f0,30618,266.4,YES,448.72,446.16,+2.56,2.56,0.574,5.13,1.149,2.69,3.26,0.19,448.72,+2.56,0.574,5.13,1.149,0,0,0,0,0,0
30618_b15eafc3,30618,1258.8,YES,5406.49,5411.56,-5.08,5.08,0.094,5.18,0.096,2.32,2.58,0.08,5406.49,-5.08,0.094,5.18,0.096,0,0,0,0,0,0
30618_b8044aa0,30618,1275.5,YES,5407.83,5410.85,-3.02,3.02,0.056,3.59,0.066,1.73,1.88,0.08,5407.83,-3.02,0.056,3.59,0.066,0,0,0,0,0,0
30618_b83d854d,30618,1206.5,YES,5422.35,5426.11,-3.76,3.76,0.069,4.39,0.081,2.74,2.89,0.08,5422.35,-3.76,0.069,4.39,0.081,0,0,0,0,0,0
30618_b95ca60a,30618,1089.3,YES,5408.05,5408.15,-0.10,0.10,0.002,2.31,0.043,0.88,1.04,0.09,5408.05,-0.10,0.002,2.31,0.043,0,0,0,0,0,0
30618_bab2fe58,30618,57.0,YES,157.60,158.32,-0.72,0.72,0.456,0.97,0.611,0.44,0.53,0.07,157.60,-0.72,0.456,0.97,0.611,0,0,0,0,0,0
30618_bc5e53c2,30618,30.2,YES,0.00,0.15,-0.15,0.15,100.000,0.15,100.000,0.06,0.07,0.02,0.00,-0.15,100.000,0.15,100.000,0,0,0,0,0,0
30618_d4ba7005,30618,1160.7,YES,5343.27,5350.32,-7.05,7.05,0.132,7.16,0.134,3.87,4.27,0.07,5343.27,-7.05,0.132,7.16,0.134,0,0,0,0,0,0
30618_dd8d0741,30618,1267.7,YES,5453.61,5464.41,-10.80,10.80,0.198,10.80,0.198,5.82,6.58,0.08,5453.61,-10.80,0.198,10.80,0.198,0,0,0,0,0,0
30618_dd8e6395,30618,1228.5,YES,5367.44,5377.81,-10.37,10.37,0.193,10.71,0.199,5.94,6.58,0.08,5367.44,-10.37,0.193,10.71,0.199,0,0,0,0,0,0
30618_e2dcf65f,30618,1095.9,YES,5323.77,5328.91,-5.14,5.14,0.097,5.24,0.098,2.81,3.12,0.08,5323.77,-5.14,0.097,5.24,0.098,0,0,0,0,0,0
30618_e3d94878,30618,1172.0,YES,5411.81,5414.36,-2.54,2.54,0.047,2.96,0.055,1.50,1.64,0.07,5411.81,-2.54,0.047,2.96,0.055,0,0,0,0,0,0
30618_e9a34502,30618,1203.7,YES,5382.94,5389.53,-6.59,6.59,0.122,6.59,0.122,3.21,3.63,0.07,5382.94,-6.59,0.122,6.59,0.122,0,0,0,0,0,0
30618_efb92709,30618,1281.4,YES,5470.18,5471.35,-1.17,1.17,0.021,16.64,0.304,3.61,5.19,0.22,5470.77,-0.57,0.011,17.24,0.315,0,0,5,1,4,10
30618_f19a4ac3,30618,1197.8,YES,5414.53,5417.38,-2.85,2.85,0.053,3.54,0.065,1.58,1.81,0.08,5414.53,-2.85,0.053,3.54,0.065,0,0,0,0,0,0
30618_f3a0694d,30618,1227.7,YES,5412.77,5422.74,-9.97,9.97,0.184,10.04,0.185,5.06,5.75,0.08,5412.77,-9.97,0.184,10.04,0.185,0,0,0,0,0,0
30618_f3b8c99b,30618,1078.0,YES,5427.51,5436.07,-8.56,8.56,0.157,8.66,0.159,4.60,5.14,0.09,5427.51,-8.56,0.157,8.66,0.159,0,0,0,0,0,0
30639_0ab96c59,30639,81.9,YES,1.65,2.00,-0.35,0.35,17.394,0.35,17.394,0.17,0.20,0.02,1.65,-0.35,17.394,0.35,17.394,0,0,0,0,0,0
30639_2b4a6347,30639,1111.3,YES,5390.33,5409.18,-18.84,18.84,0.348,18.98,0.351,9.57,10.81,0.10,5390.33,-18.84,0.348,18.98,0.351,0,0,0,0,0,0
30639_3b3d9eb8,30639,1219.6,YES,5492.41,5443.20,+49.21,49.21,0.904,49.63,0.912,24.80,29.31,0.44,5148.79,-294.41,5.409,324.38,5.959,0,1011,0,0,0,1011
30639_927002c2,30639,1144.5,YES,5368.05,5389.16,-21.11,21.11,0.392,21.17,0.393,11.16,12.91,0.11,5284.17,-104.99,1.948,105.05,1.949,0,223,0,0,0,223
30639_9c362687,30639,1359.2,YES,5440.61,5411.73,+28.87,28.87,0.534,31.87,0.589,16.66,19.92,0.15,5440.61,+28.87,0.534,31.87,0.589,0,0,0,0,0,0
30639_9f0b519f,30639,1030.7,YES,5370.60,5389.54,-18.94,18.94,0.351,19.11,0.354,8.91,10.43,0.10,5361.30,-28.24,0.524,28.40,0.527,0,51,0,0,0,51
