checkpoint,time_sec,r_odom_m,r_gnss_m,delta_r_m,rel_err_curr_pct,rel_err_total_pct,seg_delta_r_m,seg_rel_err_pct,v_odom_kmh,v_gnss_kmh
#1,159.42,500.62,502.94,-2.32,0.462,0.043,-2.32,0.462,33.66,33.36
#2,366.35,1000.13,1003.38,-3.25,0.324,0.061,-0.92,0.185,15.50,15.68
#3,453.62,1500.18,1504.02,-3.84,0.255,0.072,-0.59,0.118,12.30,12.23
#4,536.53,2001.21,2006.57,-5.36,0.267,0.100,-1.53,0.303,48.38,48.31
#5,595.73,2500.62,2505.56,-4.95,0.197,0.093,0.42,0.084,31.58,31.39
#6,712.74,3000.10,3004.54,-4.45,0.148,0.083,0.50,0.100,4.33,4.55
#7,840.76,3500.72,3506.70,-5.98,0.170,0.112,-1.53,0.304,29.52,29.46
#8,942.55,4000.52,4006.67,-6.15,0.153,0.115,-0.17,0.034,33.60,33.63
#9,1086.66,4501.40,4508.49,-7.09,0.157,0.133,-0.94,0.187,36.46,36.24
#10,1208.67,5000.00,5006.66,-6.66,0.133,0.125,0.43,0.087,3.98,3.89
#11,1289.48,5332.87,5339.42,-6.55,0.123,0.123,0.10,0.030,0.00,0.11
