bag_id,route,duration_sec,r_gnss_m,r_bogie_m,err_bogie_m,pct_bogie,r_24_0t_m,err_24_0t_m,pct_24_0t,rmse_24_0t_kmh,mae_24_0t_kmh,r_24_5t_m,err_24_5t_m,pct_24_5t,rmse_24_5t_kmh,mae_24_5t_kmh,r_25_0t_m,err_25_0t_m,pct_25_0t,rmse_25_0t_kmh,mae_25_0t_kmh
30618_0652866c,щук-талл,1463.2498819828033,5641.583118245558,5626.365120739847,-15.217997505710628,0.2697469342691025,7677.536248906798,2035.9531306612407,36.088329959665465,17.856516882331366,14.128594818858527,7421.3216548919845,1779.7385366464268,31.54679279457106,17.18546056514081,13.547280314835955,7312.198224370051,1670.6151061244936,29.61252313595316,16.848594256142448,13.28529898353221
30618_095a115b,щук-талл,1324.150015115738,5440.911942500027,5433.782484443815,-7.12945805621257,0.13103424814731846,5994.975896365699,554.0639538656715,10.183292060615235,14.315500815127159,10.267172164676476,5886.839241792691,445.9272992926635,8.195819083367958,14.029462075127737,9.963111329303155,5663.912979492982,223.00103699295505,4.098596693893359,13.595042580827794,9.36566519005438
30618_0e41eac3,щук-талл,1326.149959564209,5339.7051105682185,5332.894870954169,-6.810239614049351,0.12753962012940911,6294.848673936467,955.1435633682486,17.887571384379466,14.505737045954247,10.624429555782427,6169.787690244823,830.0825796766048,15.54547606072337,14.28299338988491,10.413511008566768,6089.35378131397,749.6486707457516,14.039139900479983,14.071865486640979,10.218917969747219
30618_1cc230fa,щук-талл,1314.0499804019928,5473.700667374718,5462.0471770409895,-11.653490333728769,0.21289966408261754,6769.99801621837,1296.297348843652,23.682284209841136,15.099458244066083,11.207172532974294,6550.0033806644,1076.3027132896814,19.663163528558364,14.514149898766899,10.661195374787955,6080.092574973916,606.391907599198,11.078280389234987,13.630530962976941,9.792209254713116
30618_28538acf,щук-талл,1291.4500494003296,5463.52330637538,5452.958312641162,-10.56499373421866,0.19337327108846372,6663.138455483805,1199.6151491084247,21.956804827913793,16.154722875578194,12.541230658019444,6548.9372851324615,1085.4139787570812,19.86655712606758,15.791077106249986,12.189502500630898,6423.355998937117,959.8326925617366,17.56801680413276,15.415292967455056,11.820655909764348
30618_2dbce472,щук-талл,1371.7499406337738,5433.86562772376,5428.961606400844,-4.904021322915469,0.0902492195959906,5739.450730574384,305.585102850624,5.623714750904382,13.312270565743017,9.432212459135,5607.44491552268,173.57928779892063,3.1943978686795904,13.050134515701613,9.174420736793877,5529.8932930116325,96.02766528787288,1.7672072124481069,12.871540051646127,8.979859971193608
30618_3b36e5cd,щук-талл,1258.0999450683594,5441.399456730915,5428.4528702719,-12.946586459014725,0.237927514088311,7612.518450605502,2171.1189938745874,39.90001122209383,16.766227328469178,12.98479469698243,7449.6848813986435,2008.2854246677289,36.90751691062702,16.274751089886653,12.542962426522552,7275.585025516402,1834.1855687854877,33.707975004787286,15.79627321424238,12.081026784201931
30618_3e9f4952,щук-талл,1322.8500807285309,5468.342600682648,5460.023639402351,-8.318961280296207,0.15212948214432834,5228.156134921872,-240.18646576077572,4.39230829704766,13.542134713923454,8.476088226863629,5162.490056590537,-305.8525440921103,5.593148901349538,13.303957340560995,8.306054544732287,5143.091170012052,-325.25143067059525,5.947897826116309,13.15595601874517,8.137437872104668
30618_40ffd323,щук-талл,1280.3000028133392,5477.940740239277,5469.710489605095,-8.230250634182084,0.15024351347441897,7432.74116028654,1954.8004200472633,35.684950107033785,15.390587208887162,12.106752793954104,7134.014146313299,1656.0734060740215,30.231678008289002,14.576097954035518,11.29176959056602,6891.313990911377,1413.3732506720999,25.80117817430722,13.913440973336256,10.64240405792671
30618_437e855c,щук-талл,1150.450091600418,5437.580028755525,5426.421239192316,-11.158789563209211,0.20521609804726085,4840.4030533703035,-597.1769753852213,10.982403426288414,16.243024365217018,10.640501370048444,4801.376855058611,-636.2031736969138,11.700116050384253,16.20079578545223,10.633986099651292,4767.334703299929,-670.2453254555958,12.326169397252842,16.130242062454197,10.61772736776262
30618_76e1f9c7,щук-талл,1297.8998701572418,5467.0043077367645,5461.68283904876,-5.321468688004643,0.09733792747289108,5163.896581083818,-303.10772665294644,5.544311099663781,13.874721960308753,8.820747875803661,5129.364364399332,-337.63994333743267,6.1759589773802315,13.782027725176091,8.7376984928439,5100.64018506362,-366.36412267314427,6.701368831092289,13.64902596967272,8.641192367692918
30618_8158f0b0,щук-талл,1184.7999005317688,5524.0623021542915,5512.213510645345,-11.848791508946306,0.21449416861800194,6424.046272412756,899.9839702584641,16.292067703644207,15.844471409794956,12.28581196512323,6417.3526471318055,893.290344977514,16.170895549623793,15.674674104148528,12.121233456383946,6319.086314333114,795.0240121788229,14.392017480845155,15.427848575255094,11.859608370816112
30618_87afe526,щук-талл,1218.2499742507935,5445.136196470311,5439.428596659831,-5.707599810480133,0.10482014782623725,5799.366505846898,354.2303093765868,6.50544442958486,15.050755528063698,11.030451000307632,5677.3057202967975,232.1695238264865,4.263796449701025,14.784286941844275,10.670094420348741,5269.562475580999,-175.57372088931243,3.2244137621961446,14.012103687004362,9.437924075297197
30618_9c09b081,щук-талл,1331.2499177455902,5482.767319508094,5470.07081557701,-12.696503931084408,0.23157108794147258,5278.521422005071,-204.24589750302312,3.725233729622284,12.51756665108904,8.502913265222887,5255.730728914612,-227.0365905934823,4.140912378055315,12.477443168027436,8.416767354632672,5252.172600726402,-230.59471878169188,4.205808952738496,12.423439706905803,8.351612885531141
30618_a395846d,щук-талл,1314.0499804019928,5473.700667374718,5462.0471770409895,-11.653490333728769,0.21289966408261754,6769.99801621837,1296.297348843652,23.682284209841136,15.099458244066083,11.207172532974294,6550.0033806644,1076.3027132896814,19.663163528558364,14.514149898766899,10.661195374787955,6080.092574973916,606.391907599198,11.078280389234987,13.630530962976941,9.792209254713116
30618_a53d5f6f,щук-талл,1212.5997824668884,5447.29341312812,5431.691580100567,-15.601833027552857,0.28641440517876326,7651.242966424837,2203.9495532967167,40.45953441731522,21.411504844981312,17.362184041693244,7457.521576743955,2010.228163615835,36.903247377332974,20.98069956328213,16.806267106631168,7337.383088095247,1890.0896749671274,34.69777615452037,20.628803440719903,16.438536361524847
30618_a869780d,щук-талл,1086.4999599456787,5308.633166188406,5302.026270031731,-6.606896156675248,0.12445569226285404,5114.136010129952,-194.49715605845358,3.663789717045044,12.36259030250426,7.862042654284285,5104.4842633255375,-204.14890286286845,3.845601993430772,12.277897278646245,7.813508531163886,5101.63456117243,-206.99860501597595,3.8992825184152022,12.281278577100707,7.8151943807152
30618_ab5921a4,щук-талл,1154.0999081134796,5464.036740324283,5454.494361336931,-9.542378987351185,0.17463972957811516,5217.800220902897,-246.2365194213853,4.506494577610976,15.020203434237944,10.744144003924575,5180.34699764176,-283.6897426825226,5.191944274256216,14.8190725009436,10.501515144855162,5094.916058741274,-369.12068158300826,6.7554575330527795,14.60054798689704,10.197737617989478
30618_ae4eb346,щук-талл,1258.0999450683594,5441.399456730915,5428.4528702719,-12.946586459014725,0.237927514088311,7612.518450605502,2171.1189938745874,39.90001122209383,16.766227328469178,12.98479469698243,7449.6848813986435,2008.2854246677289,36.90751691062702,16.274751089886653,12.542962426522552,7275.585025516402,1834.1855687854877,33.707975004787286,15.79627321424238,12.081026784201931
30618_b83d854d,щук-талл,1205.4499237537384,5426.174653490453,5422.61035182471,-3.564301665743187,0.0656871902095965,4698.591608325647,-727.5830451648062,13.40876568904356,13.743935168899515,9.33918185186604,4658.425628386352,-767.7490251041008,14.148992137771256,13.621280937148923,9.31694928425407,4616.6801978138665,-809.4944556765868,14.918326581247612,13.5108315422005,9.3063609949559
30618_dd8d0741,щук-талл,1267.8000268936157,5464.322939169216,5454.117012495282,-10.20592667393339,0.18677385629563611,8105.940166348442,2641.6172271792266,48.34299247293119,18.6609801209766,14.946691723527746,7820.017181007064,2355.6942418378485,43.11045060956817,17.83751822561805,14.199742651624362,7460.765534694368,1996.4425955251527,36.535955465119116,16.923558486880268,13.245936337598954
30618_dd8e6395,щук-талл,1228.6500725746155,5377.744225942356,5367.416128297239,-10.32809764511694,0.19205260070372948,4875.445690831611,-502.29853511074543,9.340320290571766,15.27090691039888,9.560362081506952,4840.8269360930935,-536.9172898492625,9.984061481748457,15.241236346325964,9.51326275402174,4803.855151847367,-573.8890740949892,10.671557626830515,15.21589743310935,9.478783353803765
30618_efb92709,щук-талл,1280.3000028133392,5477.940740239277,5469.710489605095,-8.230250634182084,0.15024351347441897,7432.74116028654,1954.8004200472633,35.684950107033785,15.390587208887162,12.106752793954104,7134.014146313299,1656.0734060740215,30.231678008289002,14.576097954035518,11.29176959056602,6891.313990911377,1413.3732506720999,25.80117817430722,13.913440973336256,10.64240405792671
30639_3b3d9eb8,щук-талл,1218.549947977066,5443.307668925356,5148.46768980185,-294.83997912350605,5.416559141175917,4198.2379286487885,-1245.0697402765672,22.873403746482975,14.213977269458555,9.961483200480178,4192.653067761563,-1250.654601163793,22.97600424652651,14.034898251795816,9.88242100116833,4149.097402535849,-1294.2102663895066,23.776173332583568,14.023179193153963,9.946364862544241
30618_073f08d1,талл-щук,1274.299883365631,5423.52010265218,5416.845818745751,-6.674283906429082,0.12306184507669218,5205.912020275701,-217.6080823764787,4.01230341655902,3.7463899233782767,2.2562901009462593,5157.552148529996,-265.967954122184,4.90397286426802,3.480058478596073,2.0654481528508875,5115.379907850195,-308.14019480198476,5.681553473938443,3.3183381860630825,1.956234717559272
30618_0f120b35,талл-щук,1320.6000673770905,5412.180548794242,5407.776696516552,-4.403852277690021,0.08136927875902325,5695.141868912776,282.9613201185339,5.228231349036825,11.173261001853636,6.176624525080132,5664.941746728182,252.7611979339399,4.670228490257066,11.199330319783098,6.140763519041807,5632.3952866251375,220.2147378308955,4.0688727185931794,11.223617221689032,6.1167646932510245
30618_2050d396,талл-щук,1343.1498832702637,5367.346640812547,5353.70142443021,-13.645216382336912,0.254226479031196,4372.742658447369,-994.6039823651781,18.53064556707312,14.265850780035173,8.34080716607315,4398.477088893803,-968.869551918744,18.051182767880068,13.876715830616012,8.16129306579668,4401.704695466372,-965.6419453461749,17.99104864969163,13.530943033900916,7.943377944755813
30618_21dd3af3,талл-щук,1076.9500679969788,5436.211065722887,5427.54136858446,-8.669697138427182,0.15948051011287065,5003.877342507325,-432.3337232155618,7.952850211088551,9.2321346136395,5.8122150095984955,4910.593022137723,-525.6180435851638,9.66883068428597,9.676813567814163,6.090875677815621,4758.8870055692105,-677.3240601536763,12.459487903706114,10.338574234291972,6.619751398795389
30618_22c1c589,талл-щук,1154.7999403476715,5421.319788496627,5415.833807457755,-5.485981038871614,0.1011927215677664,4405.51440624139,-1015.8053822552365,18.73723414011936,13.905989903656353,8.29693510478738,4391.7352814467695,-1029.5845070498572,18.991399644686314,13.989062777625863,8.315154738664015,4378.285752344428,-1043.0340361521985,19.239485528328146,14.062960617389697,8.338930402340207
30618_2366c74a,талл-щук,1083.2500183582306,4559.304757876989,4551.878508840133,-7.426249036856461,0.16288117226702883,4782.942204424638,223.63744654764832,4.905077822693819,9.711450679135643,5.406670693373798,4752.332159602595,193.02740172560607,4.233702548444865,9.699973378920882,5.397036701351213,4724.403235794498,165.09847791750872,3.6211327534592304,9.689078774975265,5.390770377993518
30618_2cb9ce37,талл-щук,748.6500005722046,3966.2861459740375,3959.1559696970644,-7.1301762769730885,0.1797695883392212,4362.929552855115,396.6434068810772,10.000372950491444,15.102064849432555,9.313291978367594,4355.945147696702,389.6590017226649,9.82427861686648,15.110769530320924,9.28856337022956,4348.113523909261,381.82737793522347,9.626823781304731,15.132128409939137,9.281164670738127
30618_2f104a1d,талл-щук,1250.8499472141266,5411.145544193766,5407.687349086154,-3.458195107611573,0.06390874315554612,4615.8351762793955,-795.3103679143705,14.697634011484862,11.089437616811885,6.397433759409365,4577.93275850225,-833.2127856915158,15.39808491356446,11.151915139765608,6.432510632493371,4515.459991765903,-895.6855524278626,16.55260508357506,11.383285302559806,6.563138650397207
30618_33bec73f,талл-щук,1180.0499074459076,5373.013894507154,5371.570639282433,-1.443255224720815,0.02686118541767142,4243.634301983886,-1129.379592523268,21.019480215337534,13.859055033971444,8.019943787729144,4220.633744819784,-1152.3801496873702,21.447555735254127,13.735266256331947,7.969540401494637,4207.397988545937,-1165.6159059612173,21.69389338733759,13.524668162878823,7.863189595334592
30618_5eb8d2c9,талл-щук,748.6500005722046,3966.2861459740375,3959.1559696970644,-7.1301762769730885,0.1797695883392212,4362.929552855115,396.6434068810772,10.000372950491444,15.102064849432555,9.313291978367594,4355.945147696702,389.6590017226649,9.82427861686648,15.110769530320924,9.28856337022956,4348.113523909261,381.82737793522347,9.626823781304731,15.132128409939137,9.281164670738127
30618_67b89902,талл-щук,985.8500325679779,5389.072575449847,5384.559539849527,-4.513035600320109,0.08374419785844854,3870.291804101514,-1518.780771348333,28.182600068650114,19.284073989505647,12.889989087184489,3858.1350089841003,-1530.9375664657468,28.408182391901697,19.2343387048093,12.806456736957353,3843.6329887293555,-1545.4395867204917,28.677282873509785,19.15064631137662,12.703388566585579
30618_68847170,талл-щук,1214.149974346161,5410.04508694711,5405.070624056583,-4.974462890526411,0.09194864017914317,4315.660035806149,-1094.385051140961,20.22876027006501,13.36695009366729,8.195829541605304,4300.782755268705,-1109.2623316784047,20.503753921658387,13.394927104449634,8.207953742966488,4286.488060520384,-1123.5570264267253,20.767978979279615,13.3777680584514,8.208881767630816
30618_6cb3280a,талл-щук,1226.4998590946198,5422.681024060168,5412.647663808478,-10.033360251690283,0.18502582407434182,5110.3841148558995,-312.29690920426856,5.759086839491805,8.68436528408651,5.014110731532021,5070.847274367958,-351.8337496922104,6.488188188299135,8.751523020401782,5.062275994104158,5033.064556158594,-389.61646790157374,7.184941658431774,8.793160406715815,5.101524803132197
30618_748832b9,талл-щук,1114.4000289440155,5421.520234649416,5410.000233179351,-11.520001470064926,0.21248655306014677,5218.759064777274,-202.7611698721421,3.739931995020096,10.24669162130074,6.010539521936563,5143.300828903954,-278.2194057454617,5.13175998066625,10.276642195187197,6.1313878297362425,5104.216853878254,-317.30338077116176,5.85266432730893,10.319963488282898,6.1726602618332205
30618_7849303f,талл-щук,1114.4000289440155,5421.520234649416,5410.000233179351,-11.520001470064926,0.21248655306014677,5218.759064777274,-202.7611698721421,3.739931995020096,10.24669162130074,6.010539521936563,5143.300828903954,-278.2194057454617,5.13175998066625,10.276642195187197,6.1313878297362425,5104.216853878254,-317.30338077116176,5.85266432730893,10.319963488282898,6.1726602618332205
30618_7b4d83f4,талл-щук,1159.399961233139,5419.138362273598,5416.7665716864985,-2.3717905870998948,0.04376693172500601,5098.00027171181,-321.1380905617889,5.925999099736133,8.460389958474245,4.773000496740899,5042.274426940468,-376.86393533313003,6.954314692474781,8.607280214658408,4.917600545144735,4987.500418781343,-431.63794349225554,7.96506593183131,8.816938110142013,5.151757707398497
30618_88548b02,талл-щук,1255.6500387191772,5374.21176260278,5333.76734147287,-40.44442112991055,0.7525647093281442,5566.480235272652,192.2684726698717,3.5776125162726062,10.684909454391446,6.765456454948422,5559.102201767325,184.89043916454466,3.4403266438276807,10.580827927760893,6.682980149266767,5537.028735778791,162.81697317601083,3.029597276180964,10.493324140806772,6.6080432254457655
30618_93dc866e,талл-щук,1083.2500183582306,4559.304757876989,4551.878508840133,-7.426249036856461,0.16288117226702883,4782.942204424638,223.63744654764832,4.905077822693819,9.711450679135643,5.406670693373798,4752.332159602595,193.02740172560607,4.233702548444865,9.699973378920882,5.397036701351213,4724.403235794498,165.09847791750872,3.6211327534592304,9.689078774975265,5.390770377993518
30618_b15eafc3,талл-щук,1257.79989528656,5411.47298457501,5406.518584667972,-4.954399907037441,0.09155362913498007,4241.23511992783,-1170.2378646471798,21.625126245346753,13.802584558786565,8.088501473459447,4209.116902010081,-1202.3560825649292,22.218647048449718,13.855810551289633,8.156106716737494,4174.4011005576485,-1237.0718840173613,22.8601692652544,13.880817887488462,8.217996654334963
30618_b8044aa0,талл-щук,1274.4499468803406,5410.81867546893,5407.808300108758,-3.0103753601724748,0.055636226987620864,4480.357792695403,-930.4608827735274,17.196305006337855,9.503587706796145,5.682675121354556,4456.5500347054,-954.2686407635301,17.6363078860858,9.386203868376214,5.6486774995659275,4447.246660725631,-963.5720147432994,17.808248114316843,9.218109141703248,5.579938225016877
30618_b95ca60a,талл-щук,1088.2999975681305,5408.743639091201,5407.971052564822,-0.7725865263792002,0.014284029303873855,5469.213612963043,60.46997387184183,1.1180040672440197,9.388180082064792,5.825795886358526,5404.869911467544,-3.8737276236570324,0.07161973060915698,9.166926747595612,5.649960897487358,5343.52884321524,-65.21479587596059,1.2057290976896484,8.841742552828217,5.3833423070805875
30618_d4ba7005,талл-щук,1160.8499364852905,5350.515980218419,5343.1954381815085,-7.32054203691041,0.13681936590742733,4422.506718289751,-928.0092619286679,17.344294743902154,10.750599002156333,6.319134679376919,4414.323830617173,-936.1921496012455,17.497231165414224,10.500487988845292,6.220608976303446,4608.453950336394,-742.062029882025,13.868980723084064,6.793849863505111,4.097117649550768
30618_e2dcf65f,талл-щук,1094.999900341034,5328.812639876426,5323.781758235111,-5.030881641315318,0.0944090547239053,5018.9411781586605,-309.87146171776567,5.815018891806102,12.283424745800708,7.106615374482579,4999.112299233679,-329.7003406427475,6.187125780620299,12.322674536675404,7.162407477195821,4990.616381237906,-338.1962586385198,6.346559383749745,12.293401218400977,7.16072754599082
30618_e3d94878,талл-щук,1170.9998886585236,5414.2246316578285,5411.845909711409,-2.3787219464193186,0.04393467408999905,3851.5386664197617,-1562.6859652380667,28.86259938497554,14.49135228901367,9.550687243001075,3873.267443995369,-1540.9571876624595,28.46127178861843,14.284706685522151,9.443557321192204,3905.2694053956006,-1508.9552262622278,27.87019987015551,13.949947373744603,9.267178512188693
30618_e9a34502,талл-щук,1203.8501098155975,5389.972496165178,5383.367365875682,-6.605130289496628,0.12254478653084042,4369.9196183336835,-1020.0528778314947,18.925010815124477,13.62545765021894,7.814337698742014,4356.899805427742,-1033.0726907374365,19.16656701815158,13.700123687788466,7.844781071128292,4343.344539981207,-1046.627956183971,19.418057456297205,13.777355939336314,7.876166415353846
30618_f19a4ac3,талл-щук,1196.6500461101532,5417.59208203417,5414.4266275004975,-3.165454533672346,0.0584291782352834,4177.0596279781685,-1240.5324540560014,22.898225545069327,15.486731406415107,10.283411902749776,4146.965900250388,-1270.6261817837822,23.453707155203425,15.461103818925796,10.278843750354392,4118.034361450006,-1299.5577205841637,23.98773663476362,15.383455753455861,10.248109662869547
30618_f3a0694d,талл-щук,1226.4998590946198,5422.681024060168,5412.647663808478,-10.033360251690283,0.18502582407434182,5110.3841148558995,-312.29690920426856,5.759086839491805,8.68436528408651,5.014110731532021,5070.847274367958,-351.8337496922104,6.488188188299135,8.751523020401782,5.062275994104158,5033.064556158594,-389.61646790157374,7.184941658431774,8.793160406715815,5.101524803132197
30618_f3b8c99b,талл-щук,1076.9500679969788,5436.211065722887,5427.54136858446,-8.669697138427182,0.15948051011287065,5003.877342507325,-432.3337232155618,7.952850211088551,9.2321346136395,5.8122150095984955,4910.593022137723,-525.6180435851638,9.66883068428597,9.676813567814163,6.090875677815621,4758.8870055692105,-677.3240601536763,12.459487903706114,10.338574234291972,6.619751398795389
30639_2b4a6347,талл-щук,1111.2500131130219,5409.186054473311,5390.255196070455,-18.930858402855847,0.34997610014172703,4424.123843384058,-985.0622110892527,18.210913826390236,12.901443881445282,8.626369435565802,4524.647414908026,-884.5386395652849,16.352527545873293,11.859266404527862,8.10636499429992,4871.130961093331,-538.0550933799796,9.947062052617262,7.847427013852322,5.988514631754683
30639_927002c2,талл-щук,1144.499380350113,5389.178559238226,5284.0666522783895,-105.11190695983623,1.950425390519888,4744.275609143624,-644.9029500946017,11.966627993594638,4.724415068306519,3.221291334307975,4708.675087921947,-680.5034713162786,12.62722071343781,4.77330417296672,3.2535042460246024,4669.466682199385,-719.7118770388406,13.354760268707327,4.952354877045915,3.368225492218802
30639_9c362687,талл-щук,1358.2499713897705,5411.925340440253,5440.397174586324,28.47183414607025,0.5260943630045366,3768.1383687168873,-1643.7869717233662,30.37342291920173,8.99177527373276,5.791436455142337,3774.3277256695296,-1637.5976147707238,30.259057761456614,8.93470457683049,5.740146544031789,3766.2787085588825,-1645.646631881371,30.407785184773072,8.942891347163586,5.713243458670862
30639_9f0b519f,талл-щук,1030.8494935035706,5389.540329478164,5361.330516412058,-28.2098130661052,0.5234177933841824,4783.524525690801,-606.0158037873625,11.244294814397266,7.50463688081341,5.8385358968997005,4741.538506325959,-648.0018231522045,12.02332264976198,8.034648239477736,6.253877167810779,4710.4586348702815,-679.0816946078821,12.59999282116205,8.979716642996273,6.950169818120316
