bag,route,vehicle,duration_sec,d_wheels,d_gnss,scale_median,wear_pct,delta_dia_mm,scale_std,dist_err_m,dist_err_pct
30618_0652866c,щук-талл,30618,1462.8999998569489,5626.278752172584,5641.581644287619,1.0005153496184542,0.051534961845423055,0.31951676344162294,0.0030305185328261173,-15.30289211503532,-0.27125180631800755
30618_095a115b,щук-талл,30618,1323.9000000953674,5433.559553236634,5440.604792527831,0.9998069419436183,-0.01930580563817008,-0.1196959949566545,0.0030281799198059074,-7.045239291196594,-0.12949367873352208
30618_0e41eac3,щук-талл,30618,1324.6999998092651,5332.756232446746,5339.701878419868,1.000122176066142,0.012217606614206566,0.07574916100808071,0.0028476590628353617,-6.945645973121827,-0.1300755385088501
30618_1cc230fa,щук-талл,30618,1313.7000000476837,5462.05414274028,5473.697918653868,1.0009838398677764,0.09838398677763927,0.6099807180213634,0.0032940639775038204,-11.643775913587888,-0.21272229645532595
30618_28538acf,щук-талл,30618,1289.9000000953674,5452.9733452602895,5463.515116721517,1.0007981063611797,0.07981063611797179,0.4948259439314251,0.01582947360869606,-10.541771461227654,-0.19294851823441897
30618_2dbce472,щук-талл,30618,1371.3999998569489,5428.798415576246,5433.585915036501,1.0001175762308936,0.011757623089359015,0.0728972631540259,0.003087163759062455,-4.787499460255276,-0.08810939101941329
30618_3b36e5cd,щук-талл,30618,1257.7000000476837,5428.698972121788,5441.392215797436,1.000859545352891,0.08595453528910113,0.532918118792427,0.002890488925498077,-12.693243675647864,-0.23327198577593566
30618_3e9f4952,щук-талл,30618,1322.6524019241333,5459.9067105643,5468.280986542608,1.0005900354804445,0.059003548044445076,0.36582199787555947,0.0028424828478813948,-8.374275978308106,-0.15314275178830652
30618_40ffd323,щук-талл,30618,1279.9000000953674,5469.92835731683,5478.325782109176,1.0011402454030907,0.11402454030906561,0.7069521499162068,0.021506003623180323,-8.397424792345191,-0.1532845092887512
30618_437e855c,щук-талл,30618,1150.2691926956177,5426.203306355338,5437.24697648809,1.0009778117906367,0.09778117906367179,0.6062433101947651,0.0031372120248700564,-11.043670132751686,-0.20311143084923425
30618_76e1f9c7,щук-талл,30618,1297.5999999046326,5461.595005056863,5466.809782075847,0.9998359856529838,-0.016401434701618367,-0.10168889515003388,0.0030266188085551933,-5.214777018984023,-0.09538976527191106
30618_8158f0b0,щук-талл,30618,1183.4751508235931,5512.195491006166,5524.055606667851,1.0007375575686777,0.07375575686776603,0.4572856925801494,0.0030312321485858984,-11.860115661685086,-0.21469942567864897
30618_87afe526,щук-талл,30618,1217.9000000953674,5439.214313325556,5444.734246008351,0.9999888529372547,-0.0011147062745298086,-0.0069111789020848136,0.003883033271040229,-5.519932682795115,-0.10138112226215437
30618_9c09b081,щук-талл,30618,1330.8282418251038,5470.049799066264,5482.75954870825,1.0006353060141153,0.06353060141153222,0.39388972875149975,0.002960556170403445,-12.709749641985582,-0.23181300454768305
30618_a395846d,щук-талл,30618,1313.7000000476837,5462.05414274028,5473.697918653868,1.0009838398677764,0.09838398677763927,0.6099807180213634,0.0032940639775038204,-11.643775913587888,-0.21272229645532595
30618_a53d5f6f,щук-талл,30618,1212.4819486141205,5431.55036300006,5447.136208876438,1.0006489732500903,0.0648973250090279,0.40236341505597295,0.002867324680081671,-15.585845876377789,-0.2861291746473993
30618_a869780d,щук-талл,30618,1086.2297141551971,5301.108163298311,5307.50645736256,1.0002303061365554,0.023030613655539156,0.14278980466434277,0.002898621893548846,-6.398294064248148,-0.12055179048105445
30618_ab5921a4,щук-талл,30618,1153.6999998092651,5454.538488220142,5464.027521965565,1.0003862710971636,0.03862710971636041,0.23948808024143453,0.003275137480192756,-9.489033745422603,-0.1736637252882857
30618_ae4eb346,щук-талл,30618,1257.7000000476837,5428.698972121788,5441.392215797436,1.000859545352891,0.08595453528910113,0.532918118792427,0.002890488925498077,-12.693243675647864,-0.23327198577593566
30618_b83d854d,щук-талл,30618,1205.0999999046326,5422.515920509236,5425.956272402313,0.9997579308936829,-0.024206910631707768,-0.15008284591658816,0.002956050316622741,-3.440351893076695,-0.06340544818938429
30618_dd8d0741,щук-талл,30618,1267.5543036460876,5453.658076356382,5463.662452743061,1.0006879219276976,0.06879219276976212,0.4265115951725251,0.002998525098311573,-10.004376386679724,-0.18310751209853698
30618_dd8e6395,щук-талл,30618,1228.4813468456268,5367.479396548239,5377.743713989514,1.0008055979054409,0.08055979054408802,0.4994707013733457,0.002918193224480072,-10.264317441275125,-0.19086661594850296
30618_efb92709,щук-талл,30618,1279.9000000953674,5469.92835731683,5478.325782109176,1.0011402454030907,0.11402454030906561,0.7069521499162068,0.021506003623180323,-8.397424792345191,-0.1532845092887512
30639_3b3d9eb8,щук-талл,30639,1218.2000000476837,5347.369814784403,5443.306819136544,0.9891069183213621,-1.0893081678637895,-6.753710640755495,0.04232404209917203,-95.93700435214032,-1.7624765154678261
30618_073f08d1,талл-щук,30618,1273.9646842479706,5416.719167057328,5423.514746055453,1.0001090520348004,0.010905203480038317,0.06761226157623756,0.0027849148744854084,-6.795578998124256,-0.12529843314368624
30618_0f120b35,талл-щук,30618,1320.2000000476837,5407.725048904063,5412.17231856676,0.9997781108724678,-0.022188912753218215,-0.13757125906995293,0.0027424466689175797,-4.4472696626962716,-0.08217161983996082
30618_2050d396,талл-щук,30618,1342.9478390216827,5353.402942730989,5367.165632055343,1.000573702264662,0.057370226466191276,0.3556954040903859,0.014475644533277399,-13.762689324354142,-0.2564237861816043
30618_21dd3af3,талл-щук,30618,1076.5999999046326,5427.469889700025,5436.204508672563,1.0006555484336674,0.06555484336674411,0.4064400288738135,0.002937487416660536,-8.734618972537646,-0.16067495177201319
30618_22c1c589,талл-щук,30618,1154.3999998569489,5415.835983903466,5421.315588195739,1.000097194271933,0.009719427193299879,0.06026044859845925,0.0026883404104557146,-5.479604292273507,-0.10107517636871546
30618_2366c74a,талл-щук,30618,1082.9941313266754,4551.877699778355,4559.303897089516,1.0006877934945795,0.06877934945794806,0.42643196663927796,0.0025663318259310174,-7.426197311160649,-0.16288006851004705
30618_2cb9ce37,талл-щук,30618,748.2999999523163,3959.1807053670523,3966.281510447608,1.0007609385301208,0.07609385301208249,0.47178188867491144,0.0025931759476645858,-7.100805080555801,-0.17902927620874928
30618_2f104a1d,талл-щук,30618,1250.5999999046326,5407.8932530886705,5411.1444615946775,0.9996978861416557,-0.03021138583443328,-0.18731059217348633,0.002647638538132602,-3.2512085060070604,-0.06008356511422578
30618_33bec73f,талл-щук,30618,1179.721666097641,5371.601580409051,5373.0071455167645,1.0003552837104002,0.035528371040016715,0.22027590044810363,0.0025756475416226694,-1.4055651077133007,-0.026159747598439427
30618_5eb8d2c9,талл-щук,30618,748.2999999523163,3959.1807053670523,3966.281510447608,1.0007609385301208,0.07609385301208249,0.47178188867491144,0.0025931759476645858,-7.100805080555801,-0.17902927620874928
30618_67b89902,талл-щук,30618,985.5281887054443,5384.241253013836,5388.737341646307,1.000318743596488,0.031874359648798034,0.1976210298225478,0.002525537694274473,-4.4960886324706735,-0.08343491893217937
30618_68847170,талл-щук,30618,1212.8999998569489,5405.049622276671,5410.039098128782,0.9997434221560872,-0.025657784391275307,-0.1590782632259069,0.002652401464596471,-4.9894758521113545,-0.09222624387016184
30618_6cb3280a,талл-щук,30618,1226.2000000476837,5412.725170067884,5422.68066386517,1.0007130635092052,0.07130635092051918,0.4420993757072189,0.0027254380956856926,-9.955493797285271,-0.18358989611217877
30618_748832b9,талл-щук,30618,1114.0,5410.025566023265,5421.5174061163125,1.00069751753765,0.06975175376500165,0.4324608733430102,0.0026382704336630276,-11.491840093047358,-0.211967226741406
30618_7849303f,талл-щук,30618,1114.0,5410.025566023265,5421.5174061163125,1.00069751753765,0.06975175376500165,0.4324608733430102,0.0026382704336630276,-11.491840093047358,-0.211967226741406
30618_7b4d83f4,талл-щук,30618,1159.0,5416.705399731871,5419.132709960522,0.9995753351160497,-0.04246648839503209,-0.26329222804919894,0.002772476779647801,-2.4273102286515496,-0.04479148894416413
30618_88548b02,талл-щук,30618,1255.4707684516907,5333.784806259639,5374.20955522574,1.006113350295328,0.6113350295327891,3.790277183103292,0.0030172048708697638,-40.424748966101106,-0.7521989708568982
30618_93dc866e,талл-щук,30618,1082.9941313266754,4551.877699778355,4559.303897089516,1.0006877934945795,0.06877934945794806,0.42643196663927796,0.0025663318259310174,-7.426197311160649,-0.16288006851004705
30618_b15eafc3,талл-щук,30618,1257.5,5406.6679832557675,5411.470365973217,0.9996466492581252,-0.035335074187481386,-0.2190774599623846,0.0027605382599445506,-4.802382717449291,-0.0887445073643236
30618_b8044aa0,талл-щук,30618,1273.7000000476837,5407.908436981699,5410.815567204141,0.9995123229449142,-0.048767705508578896,-0.30235977415318915,0.0028378163201324465,-2.9071302224419924,-0.05372813370432722
30618_b95ca60a,талл-щук,30618,1087.962813615799,5408.010748274729,5408.74222497829,0.9994838542552692,-0.051614574473080044,-0.32001036173309627,0.002959841425972104,-0.7314767035613841,-0.013523970511726874
30618_d4ba7005,талл-щук,30618,1160.5408055782318,5343.146178918014,5350.514592091813,1.0004959360750285,0.049593607502851356,0.3074803665176784,0.0026259744290789387,-7.3684131737991265,-0.13771410295170142
30618_e2dcf65f,талл-щук,30618,1094.7000000476837,5323.875307866713,5328.808855640675,1.0001801014218983,0.018010142189828215,0.11166288157693494,0.0026460041549040635,-4.933547773961436,-0.09258256221255065
30618_e3d94878,талл-щук,30618,1170.7000000476837,5411.827261018212,5414.223360105405,0.9995978540514477,-0.040214594855225716,-0.24933048810239944,0.0027698143769555807,-2.3960990871928516,-0.04425563793412106
30618_e9a34502,талл-щук,30618,1203.6738288402557,5383.0957481456335,5389.6566554335195,1.0003799225683918,0.03799225683918106,0.23555199240292257,0.0025961020932075644,-6.560907287886039,-0.12173145169222861
30618_f19a4ac3,талл-щук,30618,1196.4000000953674,5414.357262532079,5417.590212306835,0.9998016493651374,-0.019835063486262072,-0.12297739361482485,0.0033889293104980693,-3.23294977475598,-0.059675051970742805
30618_f3a0694d,талл-щук,30618,1226.2000000476837,5412.725170067884,5422.68066386517,1.0007130635092052,0.07130635092051918,0.4420993757072189,0.0027254380956856926,-9.955493797285271,-0.18358989611217877
30618_f3b8c99b,талл-щук,30618,1076.5999999046326,5427.469889700025,5436.204508672563,1.0006555484336674,0.06555484336674411,0.4064400288738135,0.002937487416660536,-8.734618972537646,-0.16067495177201319
30639_2b4a6347,талл-щук,30639,1111.215469121933,5390.321333922479,5409.185677932483,1.002473724948386,0.24737249483859358,1.5337094679992802,0.004593797459283686,-18.86434401000315,-0.3487464681969199
30639_927002c2,талл-щук,30639,1144.3954668045044,5353.12412536037,5389.162658271832,1.003277356833195,0.32773568331949665,2.0319612365808792,0.028168109837608975,-36.038532911461516,-0.6687223080221179
30639_9c362687,талл-щук,30639,1357.6998455524445,5440.566091826773,5411.994002103934,0.9927489011048727,-0.7251098895127317,-4.4956813149789365,0.0028127863450753124,28.572089722839337,0.5279401586870167
30639_9f0b519f,талл-щук,30639,1030.6590723991394,5369.953172309819,5389.535973596156,1.002716576119458,0.27165761194580806,1.68427719406401,0.0027960702376873237,-19.58280128633669,-0.36334855880496353
