bag_id,route,vehicle,duration_sec,r_gnss_m,err_base_m,pct_base,err_filt_m,pct_filt,err_v3_m,pct_v3,max_drift_v3_m,max_drift_v3_pct,k_rel,wear_pct,calib_samples,is_calibrated
30618_0652866c,щук-талл,30618,1464.3,5641.29,-14.79,0.262,-14.79,0.262,-14.88,0.264,15.32,0.272,0.99996,-0.004,629,YES
30618_095a115b,щук-талл,30618,1325.1,5440.70,-7.27,0.134,-7.27,0.134,-7.27,0.134,7.27,0.134,1.00003,+0.003,626,YES
30618_0e41eac3,щук-талл,30618,1326.3,5339.57,-6.71,0.126,-6.71,0.126,-6.73,0.126,7.92,0.148,1.00000,-0.000,634,YES
30618_1cc230fa,щук-талл,30618,1315.0,5473.72,-11.74,0.214,-11.74,0.214,-12.19,0.223,12.62,0.230,0.99981,-0.019,493,YES
30618_28538acf,щук-талл,30618,1291.4,5463.33,-10.25,0.188,-10.25,0.188,-11.39,0.208,11.69,0.214,0.99964,-0.036,599,YES
30618_2dbce472,щук-талл,30618,1372.7,5433.76,-5.20,0.096,-5.20,0.096,-5.15,0.095,5.29,0.097,1.00004,+0.004,633,YES
30618_3b36e5cd,щук-талл,30618,1259.2,5441.54,-13.13,0.241,-13.13,0.241,-12.91,0.237,13.01,0.239,1.00009,+0.009,572,YES
30618_3e9f4952,щук-талл,30618,1322.7,5468.28,-8.44,0.154,-8.44,0.154,-8.15,0.149,8.50,0.155,1.00013,+0.013,627,YES
30618_40ffd323,щук-талл,30618,1281.4,5471.35,-0.57,0.011,-1.17,0.021,-0.22,0.004,16.91,0.309,1.00037,+0.037,537,YES
30618_437e855c,щук-талл,30618,1150.3,5437.37,-11.57,0.213,-11.57,0.213,-10.84,0.199,10.84,0.199,1.00031,+0.031,648,YES
30618_76e1f9c7,щук-талл,30618,1298.9,5466.77,-5.54,0.101,-5.54,0.101,-4.74,0.087,4.78,0.087,1.00033,+0.033,617,YES
30618_8158f0b0,щук-талл,30618,1184.7,5523.86,-11.53,0.209,-11.53,0.209,-11.29,0.204,11.92,0.216,1.00010,+0.010,618,YES
30618_87afe526,щук-талл,30618,1219.2,5444.67,-6.03,0.111,-6.03,0.111,-6.12,0.112,6.70,0.123,0.99997,-0.003,530,YES
30618_9c09b081,щук-талл,30618,1332.2,5482.71,-12.69,0.232,-12.69,0.232,-13.07,0.238,13.50,0.246,0.99985,-0.015,563,YES
30618_a395846d,щук-талл,30618,1315.0,5473.72,-11.74,0.214,-11.74,0.214,-12.19,0.223,12.62,0.230,0.99981,-0.019,493,YES
30618_a53d5f6f,щук-талл,30618,1212.5,5447.07,-15.84,0.291,-15.84,0.291,-15.51,0.285,15.57,0.286,1.00016,+0.016,662,YES
30618_a869780d,щук-талл,30618,1086.3,5308.01,-7.37,0.139,-7.37,0.139,-9.05,0.171,9.05,0.171,0.99941,-0.059,659,YES
30618_ab5921a4,щук-талл,30618,1155.3,5464.06,-9.63,0.176,-9.63,0.176,-10.41,0.190,10.71,0.196,0.99970,-0.030,504,YES
30618_ae4eb346,щук-талл,30618,1259.2,5441.54,-13.13,0.241,-13.13,0.241,-12.91,0.237,13.01,0.239,1.00009,+0.009,572,YES
30618_b83d854d,щук-талл,30618,1206.5,5426.11,-3.76,0.069,-3.76,0.069,-2.56,0.047,3.67,0.068,1.00050,+0.050,588,YES
30618_dd8d0741,щук-талл,30618,1267.7,5464.41,-10.80,0.198,-10.80,0.198,-9.97,0.183,9.97,0.183,1.00036,+0.036,527,YES
30618_dd8e6395,щук-талл,30618,1228.5,5377.81,-10.37,0.193,-10.37,0.193,-8.94,0.166,9.37,0.174,1.00060,+0.060,657,YES
30618_efb92709,щук-талл,30618,1281.4,5471.35,-0.57,0.011,-1.17,0.021,-0.22,0.004,16.91,0.309,1.00037,+0.037,537,YES
30639_3b3d9eb8,щук-талл,30639,1219.6,5443.20,-294.41,5.409,+49.21,0.904,+48.98,0.900,49.41,0.908,0.99988,-0.012,632,YES
30618_073f08d1,талл-щук,30618,1275.3,5423.22,-6.27,0.116,-6.27,0.116,-6.42,0.118,6.56,0.121,0.99990,-0.010,975,YES
30618_0f120b35,талл-щук,30618,1321.6,5412.41,-4.71,0.087,-4.71,0.087,-5.55,0.103,5.64,0.104,0.99969,-0.031,716,YES
30618_2050d396,талл-щук,30618,1343.0,5367.01,-13.64,0.254,-9.97,0.186,-11.01,0.205,11.01,0.205,0.99969,-0.031,607,YES
30618_21dd3af3,талл-щук,30618,1078.0,5436.07,-8.56,0.157,-8.56,0.157,-9.51,0.175,9.62,0.177,0.99961,-0.039,740,YES
30618_22c1c589,талл-щук,30618,1156.0,5421.24,-5.39,0.099,-5.39,0.099,-6.71,0.124,6.87,0.127,0.99950,-0.050,826,YES
30618_2366c74a,талл-щук,30618,1084.3,4559.35,-7.44,0.163,-7.44,0.163,-7.68,0.168,9.63,0.211,0.99992,-0.008,644,YES
30618_2cb9ce37,талл-щук,30618,750.1,3966.14,-6.93,0.175,-6.93,0.175,-6.43,0.162,6.56,0.166,1.00027,+0.027,728,YES
30618_2f104a1d,талл-щук,30618,1251.9,5411.44,-3.76,0.070,-3.76,0.070,-5.38,0.099,5.46,0.101,0.99939,-0.061,734,YES
30618_33bec73f,талл-щук,30618,1179.9,5373.09,-1.55,0.029,-4.56,0.085,-4.50,0.084,4.59,0.086,1.00000,-0.000,710,YES
30618_5eb8d2c9,талл-щук,30618,750.1,3966.14,-6.93,0.175,-6.93,0.175,-6.43,0.162,6.56,0.166,1.00027,+0.027,728,YES
30618_67b89902,талл-щук,30618,985.6,5388.68,-4.56,0.085,-4.56,0.085,-5.24,0.097,5.38,0.100,0.99975,-0.025,729,YES
30618_68847170,талл-щук,30618,1214.2,5410.08,-4.95,0.091,-4.95,0.091,-6.27,0.116,6.39,0.118,0.99949,-0.051,782,YES
30618_6cb3280a,талл-щук,30618,1227.7,5422.74,-9.97,0.184,-9.97,0.184,-10.49,0.193,10.56,0.195,0.99978,-0.022,883,YES
30618_748832b9,талл-щук,30618,1115.6,5421.64,-11.69,0.216,-11.69,0.216,-12.80,0.236,12.90,0.238,0.99958,-0.042,808,YES
30618_7849303f,талл-щук,30618,1115.6,5421.64,-11.69,0.216,-11.69,0.216,-12.80,0.236,12.90,0.238,0.99958,-0.042,808,YES
30618_7b4d83f4,талл-щук,30618,1160.5,5419.18,-2.41,0.044,-2.41,0.044,-3.56,0.066,3.74,0.069,0.99956,-0.044,936,YES
30618_88548b02,талл-щук,30618,1255.6,5374.17,-40.38,0.751,-40.38,0.751,-38.56,0.718,38.60,0.718,1.00063,+0.063,781,YES
30618_93dc866e,талл-щук,30618,1084.3,4559.35,-7.44,0.163,-7.44,0.163,-7.68,0.168,9.63,0.211,0.99992,-0.008,644,YES
30618_b15eafc3,талл-щук,30618,1258.8,5411.56,-5.08,0.094,-5.08,0.094,-6.38,0.118,6.48,0.120,0.99952,-0.048,652,YES
30618_b8044aa0,талл-щук,30618,1275.5,5410.85,-3.02,0.056,-3.02,0.056,-3.39,0.063,3.74,0.069,0.99986,-0.014,762,YES
30618_b95ca60a,талл-щук,30618,1089.3,5408.15,-0.10,0.002,-0.10,0.002,-0.50,0.009,2.48,0.046,0.99983,-0.017,840,YES
30618_d4ba7005,талл-щук,30618,1160.7,5350.32,-7.05,0.132,-7.05,0.132,-7.94,0.148,8.05,0.150,0.99964,-0.036,674,YES
30618_e2dcf65f,талл-щук,30618,1095.9,5328.91,-5.14,0.097,-5.14,0.097,-5.92,0.111,5.98,0.112,0.99970,-0.030,739,YES
30618_e3d94878,талл-щук,30618,1172.0,5414.36,-2.54,0.047,-2.54,0.047,-3.05,0.056,3.41,0.063,0.99977,-0.023,746,YES
30618_e9a34502,талл-щук,30618,1203.7,5389.53,-6.59,0.122,-6.59,0.122,-6.56,0.122,6.56,0.122,1.00001,+0.001,775,YES
30618_f19a4ac3,талл-щук,30618,1197.8,5417.38,-2.85,0.053,-2.85,0.053,-3.87,0.071,4.48,0.083,0.99961,-0.039,925,YES
30618_f3a0694d,талл-щук,30618,1227.7,5422.74,-9.97,0.184,-9.97,0.184,-10.49,0.193,10.56,0.195,0.99978,-0.022,883,YES
30618_f3b8c99b,талл-щук,30618,1078.0,5436.07,-8.56,0.157,-8.56,0.157,-9.51,0.175,9.62,0.177,0.99961,-0.039,740,YES
30639_2b4a6347,талл-щук,30639,1111.3,5409.18,-18.84,0.348,-18.84,0.348,-19.36,0.358,19.50,0.361,0.99981,-0.019,820,YES
30639_927002c2,талл-щук,30639,1144.5,5389.16,-104.99,1.948,-21.11,0.392,-21.88,0.406,21.94,0.407,0.99967,-0.033,626,YES
30639_9c362687,талл-щук,30639,1359.2,5411.73,+28.87,0.534,+28.87,0.534,+28.67,0.530,31.67,0.585,0.99990,-0.010,687,YES
30639_9f0b519f,талл-щук,30639,1030.7,5389.54,-28.24,0.524,-18.94,0.351,-20.44,0.379,20.60,0.382,0.99946,-0.054,883,YES
